mm/dd/yy-HH:MM,Int,Ext,Tds,Sal,Con,Bat
3/13/20-11:56,80.6,-1,3,0,5.84,100
3/13/20-11:56,80.6,-1,3,0,5.14,100
3/13/20-12:04,81.5,-1,3,0,5.14,4.21
3/13/20-12:34,80.6,-1,33,0,60.41,4.21
3/13/20-13:04,79.7,72.5,32,0,59.95,4.21
3/13/20-13:34,91.4,72.5,34,0,62.78,4.21
3/13/20-14:04,92.3,73.4,34,0,62.87,4.21
3/13/20-14:34,99.5,73.4,36,0,66.47,4.21
3/13/20-15:04,95,73.4,36,0,67.23,4.21
3/13/20-15:34,94.1,73.4,37,0,69.41,4.21
3/13/20-16:04,95,73.4,39,0,71.93,4.21
3/13/20-16:34,86.9,73.4,39,0,72.7,4.21
3/13/20-17:04,83.3,73.4,40,0,73.8,4.21
3/13/20-17:34,82.4,73.4,40,0,74.91,4.21
3/13/20-18:04,82.4,75.2,5,0,9.1,4.21
3/13/20-18:34,77.9,72.5,29,0,53.74,4.21
3/13/20-19:04,75.2,72.5,31,0,57.42,4.21
3/13/20-19:34,73.4,72.5,33,0,60.35,4.21
3/13/20-20:04,72.5,71.6,34,0,63.21,4.21
3/13/20-20:34,71.6,71.6,36,0,65.81,4.21
3/13/20-21:04,71.6,71.6,37,0,68.39,4.21
3/13/20-21:34,71.6,71.6,38,0,70.62,4.21
3/13/20-22:04,71.6,71.6,39,0,72.85,4.21
3/13/20-22:34,71.6,71.6,40,0,74.7,4.21
3/13/20-23:04,71.6,71.6,42,0,76.94,4.21
3/13/20-23:34,71.6,71.6,43,0,79.52,4.21
3/14/20-0:04,71.6,71.6,44,0,81.38,4.21
3/14/20-0:34,71.6,71.6,45,0,83.62,4.21
3/14/20-1:04,71.6,71.6,46,0,85.47,4.21
3/14/20-1:34,71.6,71.6,47,0,87.71,4.21
3/14/20-2:04,71.6,71.6,48,0,89.57,4.21
3/14/20-2:34,71.6,71.6,50,0,91.8,4.21
3/14/20-3:04,71.6,71.6,51,0,93.66,4.21
3/14/20-3:34,71.6,71.6,52,0,95.87,4.21
3/14/20-4:04,71.6,71.6,53,0,97.76,4.21
3/14/20-4:34,71.6,71.6,54,0,99.63,4.21
3/14/20-5:04,71.6,71.6,55,0,101.5,4.21
3/14/20-5:34,71.6,71.6,56,0,103,4.21
3/14/20-6:04,71.6,71.6,57,0,105.2,4.21
3/14/20-6:34,71.6,71.6,58,0,107.1,4.21
3/14/20-7:04,71.6,71.6,58,0,108.2,4.21
3/14/20-7:34,71.6,71.6,59,0,110.1,4.21
3/14/20-8:04,71.6,71.6,60,0,111.9,4.21
3/14/20-8:34,72.5,71.6,61,0,113,4.21
3/14/20-9:04,73.4,71.6,62,0,115.3,4.21
3/14/20-9:34,74.3,71.6,63,0,116.8,4.21
3/14/20-10:04,76.1,71.6,64,0,118.6,4.21
3/14/20-10:34,77.9,71.6,65,0,120.5,4.21
3/14/20-11:04,86,71.6,67,0,123.8,4.21
3/14/20-11:34,83.3,72.5,66,0,122.5,4.21
3/14/20-12:04,95.9,72.5,68,0,126.8,4.21
3/14/20-12:34,101.3,74.3,69,0,127,4.21
3/14/20-13:04,95.9,74.3,69,0,127.4,4.21
3/14/20-13:34,93.2,74.3,60,0,110.4,4.21
3/14/20-14:04,90.5,74.3,50,0,93.49,4.21
3/14/20-14:34,91.4,74.3,34,0,62.95,4.21
3/14/20-15:04,94.1,74.3,22,0,41.49,4.21
3/14/20-15:34,92.3,74.3,16,0,29.4,4.21
3/14/20-16:04,89.6,74.3,15,0,26.91,4.21
3/14/20-16:34,87.8,74.3,14,0,26.57,4.21
3/14/20-17:04,83.3,74.3,14,0,25.88,4.21
3/14/20-17:34,80.6,74.3,14,0,25.52,4.21
3/14/20-18:04,79.7,73.4,14,0,25.79,4.21
3/14/20-18:34,77.9,73.4,14,0,26.16,4.21
3/14/20-19:04,77,73.4,14,0,25.43,4.21
3/14/20-19:34,75.2,72.5,14,0,25.35,4.21
3/14/20-20:04,74.3,72.5,13,0,24.61,4.21
3/14/20-20:34,73.4,72.5,13,0,23.89,4.21
3/14/20-21:04,72.5,71.6,13,0,23.8,4.21
3/14/20-21:34,72.5,71.6,13,0,23.42,4.21
3/14/20-22:04,71.6,71.6,13,0,23.42,4.21
3/14/20-22:34,71.6,71.6,12,0,23.05,4.21
3/14/20-23:04,71.6,71.6,13,0,24.15,4.21
3/14/20-23:34,70.7,71.6,13,0,24.15,4.21
3/15/20-0:04,70.7,71.6,13,0,24.53,4.21
3/15/20-0:34,70.7,71.6,13,0,24.53,4.21
3/15/20-1:04,70.7,71.6,13,0,24.53,4.21
3/15/20-1:34,70.7,71.6,13,0,24.53,4.21
3/15/20-2:04,70.7,71.6,13,0,24.88,4.21
3/15/20-2:34,71.6,71.6,13,0,24.88,4.21
3/15/20-3:04,71.6,71.6,13,0,24.53,4.21
3/15/20-3:34,71.6,71.6,14,0,25.25,4.21
3/15/20-4:04,70.7,71.6,13,0,24.88,4.21
3/15/20-4:34,70.7,71.6,13,0,24.53,4.21
3/15/20-5:04,70.7,71.6,13,0,24.88,4.21
3/15/20-5:34,70.7,71.6,13,0,24.53,4.21
3/15/20-6:04,69.8,71.6,13,0,24.53,4.21
3/15/20-6:34,69.8,71.6,13,0,24.53,4.21
3/15/20-7:04,69.8,71.6,13,0,24.88,4.21
3/15/20-7:34,69.8,70.7,14,0,25.15,4.21
3/15/20-8:04,69.8,70.7,13,0,24.79,4.21
3/15/20-8:34,70.7,70.7,14,0,25.15,4.21
3/15/20-9:04,70.7,70.7,14,0,25.15,4.21
3/15/20-9:34,70.7,70.7,13,0,24.79,4.21
3/15/20-10:04,70.7,70.7,14,0,25.15,4.21
3/15/20-10:34,71.6,70.7,14,0,25.53,4.21
3/15/20-11:04,70.7,70.7,14,0,25.53,4.21
3/15/20-11:34,71.6,70.7,14,0,25.91,4.21
3/15/20-12:04,72.5,70.7,14,0,25.9,4.21
3/15/20-12:34,73.4,70.7,35,0,64.11,4.21
3/15/20-13:04,75.2,71.6,39,0,72.26,4.21
3/15/20-13:34,75.2,71.6,40,0,74.83,4.21
3/15/20-14:04,75.2,71.6,41,0,75.58,4.21
3/15/20-14:34,76.1,71.6,43,0,78.88,4.21
3/15/20-15:04,77,71.6,43,0,80.35,4.21
3/15/20-15:34,77,71.6,46,0,85.15,4.21
3/15/20-16:04,78.8,71.6,48,0,88.46,4.21
3/15/20-16:34,77.9,71.6,49,0,89.94,4.21
3/15/20-17:04,77,71.6,48,0,89.56,4.21
3/15/20-17:34,76.1,71.6,47,0,87.73,4.21
3/15/20-18:04,74.3,71.6,51,0,94.04,4.21
3/15/20-18:34,72.5,71.6,48,0,88.14,4.21
3/15/20-19:04,71.6,71.6,48,0,89.25,4.21
3/15/20-19:34,70.7,71.6,48,0,88.9,4.21
3/15/20-20:04,70.7,71.6,46,0,85.2,4.21
3/15/20-20:34,69.8,70.7,50,0,91.71,4.21
3/15/20-21:04,69.8,70.7,16,0,29.24,4.21
3/15/20-21:34,69.8,70.7,15,0,27.76,4.21
3/15/20-22:04,69.8,70.7,14,0,25.91,4.21
3/15/20-22:34,69.8,70.7,13,0,24.8,4.21
3/15/20-23:04,69.8,70.7,13,0,23.68,4.21
3/15/20-23:34,69.8,70.7,12,0,22.94,4.21
3/16/20-0:04,69.8,70.7,12,0,22.57,4.21
3/16/20-0:34,69.8,70.7,12,0,22.19,4.21
3/16/20-1:04,69.8,70.7,11,0,21.1,4.21
3/16/20-1:34,69.8,70.7,11,0,20.72,4.21
3/16/20-2:04,69.8,70.7,11,0,20.34,4.21
3/16/20-2:34,69.8,70.7,11,0,20.33,4.21
3/16/20-3:04,69.8,70.7,11,0,19.6,4.21
3/16/20-3:34,69.8,70.7,10,0,19.22,4.21
3/16/20-4:04,69.8,70.7,11,0,19.6,4.21
3/16/20-4:34,69.8,70.7,11,0,19.6,4.21
3/16/20-5:04,69.8,70.7,11,0,19.6,4.21
3/16/20-5:34,69.8,70.7,11,0,19.6,4.21
3/16/20-6:04,69.8,70.7,11,0,19.6,4.21
3/16/20-6:34,69.8,70.7,11,0,19.98,4.21
3/16/20-7:04,69.8,70.7,11,0,20.34,4.21
3/16/20-7:34,69.8,70.7,11,0,20.71,4.21
3/16/20-8:04,69.8,70.7,11,0,20.71,4.21
3/16/20-8:34,70.7,70.7,11,0,20.33,4.21
3/16/20-9:04,71.6,70.7,11,0,21.09,4.21
3/16/20-9:34,71.6,71.6,12,0,21.59,4.21
3/16/20-10:04,72.5,71.6,11,0,21.22,4.21
3/16/20-10:34,72.5,71.6,11,0,21.22,4.21
3/16/20-11:04,73.4,71.6,12,0,21.59,4.21
3/16/20-11:34,76.1,71.6,12,0,22.31,4.21
3/16/20-12:04,80.6,71.6,13,0,23.4,4.21
3/16/20-12:34,77,71.6,12,0,22.31,4.21
3/16/20-13:04,78.8,71.6,12,0,23.03,4.21
3/16/20-13:34,81.5,71.6,13,0,23.4,4.21
3/16/20-14:04,83.3,72.5,13,0,23.87,4.21
3/16/20-14:34,80.6,72.5,13,0,23.16,4.21
3/16/20-15:04,78.8,72.5,12,0,22.79,4.21
3/16/20-15:34,86,72.5,13,0,24.58,4.21
3/16/20-16:04,84.2,72.5,13,0,23.87,4.21
3/16/20-16:34,83.3,72.5,13,0,23.87,4.21
3/16/20-17:04,78.8,72.5,12,0,22.79,4.21
3/16/20-17:34,76.1,72.5,12,0,22.45,4.21
3/16/20-18:04,76.1,72.5,12,0,22.08,4.21
3/16/20-18:34,76.1,72.5,12,0,22.8,4.21
3/16/20-19:04,74.3,72.5,32,0,59.85,4.21
3/16/20-19:34,72.5,71.6,39,0,71.89,4.21
3/16/20-20:04,71.6,71.6,41,0,76.33,4.21
3/16/20-20:34,70.7,71.6,41,0,76.71,4.21
3/16/20-21:04,71.6,71.6,43,0,78.91,4.21
3/16/20-21:34,71.6,71.6,44,0,81.51,4.21
3/16/20-22:04,71.6,71.6,45,0,82.97,4.21
3/16/20-22:34,71.6,71.6,45,0,83.7,4.21
3/16/20-23:04,71.6,71.6,46,0,84.8,4.21
3/16/20-23:34,71.6,71.6,48,0,88.13,4.21
3/17/20-0:04,71.6,71.6,48,0,88.14,4.21
3/17/20-0:34,71.6,71.6,48,0,88.86,4.21
3/17/20-1:04,71.6,71.6,50,0,92.93,4.21
3/17/20-1:34,70.7,71.6,50,0,92.93,4.21
3/17/20-2:04,71.6,71.6,51,0,94.05,4.21
3/17/20-2:34,71.6,71.6,51,0,94.04,4.21
3/17/20-3:04,71.6,71.6,51,0,93.66,4.21
3/17/20-3:34,71.6,71.6,51,0,93.66,4.21
3/17/20-4:04,71.6,71.6,52,0,97,4.21
3/17/20-4:34,71.6,71.6,53,0,97.39,4.21
3/17/20-5:04,71.6,71.6,52,0,96.62,4.21
3/17/20-5:34,71.6,71.6,48,0,89.25,4.21
3/17/20-6:04,70.7,71.6,51,0,94.42,4.21
3/17/20-6:34,70.7,71.6,45,0,82.97,4.21
3/17/20-7:04,70.7,71.6,13,0,24.53,4.21
3/17/20-7:34,70.7,71.6,13,0,24.15,4.21
3/17/20-8:04,70.7,71.6,14,0,25.63,4.21
3/17/20-8:34,71.6,71.6,14,0,26.36,4.21
3/17/20-9:04,73.4,71.6,15,0,27.08,4.21
3/17/20-9:34,73.4,71.6,15,0,27.08,4.21
3/17/20-10:04,75.2,71.6,15,0,27.8,4.21
3/17/20-10:34,76.1,71.6,15,0,28.18,4.21
3/17/20-11:04,75.2,71.6,15,0,28.56,4.21
3/17/20-11:34,76.1,71.6,16,0,28.91,4.21
3/17/20-12:04,77,71.6,16,0,30,4.21
3/17/20-12:34,78.8,71.6,45,0,84.03,4.21
3/17/20-13:04,81.5,72.5,51,0,94.07,4.21
3/17/20-13:34,86,72.5,52,0,96.22,4.21
3/17/20-14:04,81.5,72.5,52,0,97,4.21
3/17/20-14:34,86,72.5,44,0,82.02,4.21
3/17/20-15:04,83.3,72.5,53,0,98.08,4.21
3/17/20-15:34,86,72.5,54,0,100.3,4.21
3/17/20-16:04,86,72.5,55,0,102.1,4.21
3/17/20-16:34,79.7,72.5,53,0,98.49,4.21
3/17/20-17:04,75.2,72.5,55,0,101.1,4.21
3/17/20-17:34,77.9,72.5,14,0,26.44,4.21
3/17/20-18:04,77,72.5,46,0,85.36,4.21
3/17/20-18:34,75.2,72.5,54,0,99.26,4.21
3/17/20-19:04,74.3,72.5,52,0,96.34,4.21
3/17/20-19:34,72.5,71.6,55,0,101.4,4.21
3/17/20-20:04,72.5,71.6,53,0,98.48,4.21
3/17/20-20:34,71.6,71.6,55,0,101.4,4.21
3/17/20-21:04,71.6,71.6,54,0,99.23,4.21
3/17/20-21:34,71.6,71.6,56,0,103.3,4.21
3/17/20-22:04,71.6,71.6,56,0,103.3,4.21
3/17/20-22:34,71.6,71.6,52,0,96.64,4.21
3/17/20-23:04,71.6,71.6,49,0,91.09,4.21
3/17/20-23:34,71.6,71.6,47,0,87.77,4.21
3/18/20-0:04,71.6,71.6,13,0,24.89,4.21
3/18/20-0:34,71.6,71.6,13,0,24.53,4.21
3/18/20-1:04,70.7,71.6,46,0,85.58,4.21
3/18/20-1:34,71.6,71.6,13,0,24.89,4.21
3/18/20-2:04,71.6,71.6,51,0,95.17,4.21
3/18/20-2:34,71.6,71.6,13,0,24.89,4.21
3/18/20-3:04,71.6,71.6,49,0,90.36,4.21
3/18/20-3:34,70.7,71.6,52,0,97.02,4.21
3/18/20-4:04,71.6,71.6,53,0,97.39,4.21
3/18/20-4:34,71.6,71.6,13,0,24.89,4.21
3/18/20-5:04,71.6,71.6,50,0,92.57,4.21
3/18/20-5:34,71.6,71.6,52,0,97.02,4.21
3/18/20-6:04,71.6,71.6,54,0,99.59,4.21
3/18/20-6:34,71.6,71.6,53,0,98.48,4.21
3/18/20-7:04,71.6,71.6,53,0,97.74,4.21
3/18/20-7:34,71.6,71.6,56,0,104.4,4.21
3/18/20-8:04,71.6,71.6,57,0,106.3,4.21
3/18/20-8:34,72.5,71.6,57,0,105.9,4.21
3/18/20-9:04,73.4,71.6,55,0,101.8,4.21
3/18/20-9:34,73.4,71.6,56,0,104.4,4.21
3/18/20-10:04,76.1,71.6,57,0,104.7,4.21
3/18/20-10:34,77,71.6,54,0,99.18,4.21
3/18/20-11:04,80.6,71.6,54,0,100.6,4.21
3/18/20-11:34,81.5,72.5,56,0,102.9,4.21
3/18/20-12:04,81.5,72.5,52,0,95.53,4.21
3/18/20-12:34,84.2,72.5,57,0,104.6,4.21
3/18/20-13:04,87.8,72.5,57,0,104.6,4.21
3/18/20-13:34,90.5,73.4,55,0,101.4,4.21
3/18/20-14:04,91.4,73.4,15,0,28.63,4.21
3/18/20-14:34,89.6,73.4,15,0,27.19,4.21
3/18/20-15:04,88.7,73.4,14,0,25.78,4.21
3/18/20-15:34,87.8,73.4,32,0,59.17,4.21
3/18/20-16:04,85.1,73.4,52,0,95.61,4.21
3/18/20-16:34,83.3,73.4,53,0,98.88,4.21
3/18/20-17:04,82.4,73.4,54,0,99.61,4.21
3/18/20-17:34,81.5,73.4,54,0,100.7,4.21
3/18/20-18:04,79.7,73.4,54,0,100.4,4.21
3/18/20-18:34,77,72.5,55,0,101.8,4.21
3/18/20-19:04,76.1,72.5,55,0,102.2,4.21
3/18/20-19:34,74.3,72.5,54,0,100.7,4.21
3/18/20-20:04,73.4,71.6,56,0,102.9,4.21
3/18/20-20:34,72.5,71.6,56,0,104,4.21
3/18/20-21:04,71.6,71.6,56,0,104.4,4.21
3/18/20-21:34,71.6,71.6,56,0,104,4.21
3/18/20-22:04,71.6,71.6,57,0,104.8,4.21
3/18/20-22:34,71.6,71.6,57,0,105.2,4.21
3/18/20-23:04,71.6,71.6,57,0,105.5,4.21
3/18/20-23:34,71.6,71.6,57,0,105.5,4.21
3/19/20-0:04,71.6,71.6,56,0,103.3,4.21
3/19/20-0:34,70.7,71.6,56,0,104.4,4.21
3/19/20-1:04,70.7,71.6,57,0,105.5,4.21
3/19/20-1:34,70.7,71.6,58,0,106.6,4.21
3/19/20-2:04,70.7,71.6,58,0,108.1,4.21
3/19/20-2:34,70.7,71.6,59,0,109.2,4.21
3/19/20-3:04,71.6,71.6,59,0,110,4.21
3/19/20-3:34,70.7,71.6,58,0,107.7,4.21
3/19/20-4:04,70.7,71.6,59,0,109.6,4.21
3/19/20-4:34,71.6,71.6,60,0,110.3,4.21
3/19/20-5:04,70.7,71.6,59,0,109.6,4.21
3/19/20-5:34,70.7,71.6,57,0,106.3,4.21
3/19/20-6:04,70.7,71.6,59,0,108.9,4.21
3/19/20-6:34,70.7,71.6,59,0,108.5,4.21
3/19/20-7:04,70.7,71.6,60,0,110.3,4.21
3/19/20-7:34,70.7,71.6,59,0,110,4.21
3/19/20-8:04,71.6,71.6,59,0,108.5,4.21
3/19/20-8:34,72.5,71.6,60,0,110.7,4.21
3/19/20-9:04,73.4,71.6,59,0,109.2,4.21
3/19/20-9:34,75.2,71.6,59,0,109.2,4.21
3/19/20-10:04,77.9,71.6,59,0,108.4,4.21
3/19/20-10:34,87.8,72.5,58,0,107.2,4.21
3/19/20-11:04,79.7,72.5,58,0,106.5,4.21
3/19/20-11:34,77.9,72.5,58,0,107.7,4.21
3/19/20-12:04,77,72.5,58,0,106.9,4.21
3/19/20-12:34,77.9,72.5,56,0,104.4,4.21
3/19/20-13:04,86,72.5,57,0,105.4,4.21
3/19/20-13:34,80.6,72.5,57,0,106.2,4.21
3/19/20-14:04,81.5,72.5,58,0,106.5,4.21
3/19/20-14:34,81.5,72.5,58,0,106.6,4.21
3/19/20-15:04,82.4,72.5,59,0,108.4,4.21
3/19/20-15:34,79.7,72.5,58,0,106.9,4.21
3/19/20-16:04,81.5,72.5,59,0,110.2,4.21
3/19/20-16:34,84.2,72.5,59,0,109.1,4.21
3/19/20-17:04,83.3,72.5,59,0,109.1,4.21
3/19/20-17:34,80.6,72.5,59,0,108.4,4.21
3/19/20-18:04,78.8,72.5,59,0,109.1,4.21
3/19/20-18:34,77,72.5,59,0,108.8,4.21
3/19/20-19:04,76.1,72.5,58,0,108.1,4.21
3/19/20-19:34,74.3,72.5,58,0,107,4.21
3/19/20-20:04,73.4,72.5,58,0,108.1,4.21
3/19/20-20:34,73.4,71.6,59,0,109.6,4.21
3/19/20-21:04,72.5,71.6,59,0,109.6,4.21
3/19/20-21:34,72.5,71.6,59,0,109.2,4.21
3/19/20-22:04,72.5,71.6,59,0,109.2,4.21
3/19/20-22:34,71.6,71.6,59,0,108.5,4.21
3/19/20-23:04,71.6,71.6,59,0,109.2,4.21
3/19/20-23:34,71.6,71.6,59,0,108.9,4.21
3/20/20-0:04,71.6,71.6,59,0,109.2,4.21
3/20/20-0:34,71.6,71.6,57,0,106.3,4.21
3/20/20-1:04,71.6,71.6,57,0,104.8,4.21
3/20/20-1:34,71.6,71.6,55,0,101.8,4.21
3/20/20-2:04,71.6,71.6,58,0,108.1,4.21
3/20/20-2:34,71.6,71.6,56,0,103.3,4.21
3/20/20-3:04,71.6,71.6,53,0,98.14,4.21
3/20/20-3:34,71.6,71.6,15,0,27.82,4.21
3/20/20-4:04,71.6,71.6,15,0,27.47,4.21
3/20/20-4:34,71.6,71.6,15,0,27.47,4.21
3/20/20-5:04,71.6,71.6,13,0,24.16,4.21
3/20/20-5:34,71.6,71.6,53,0,97.41,4.21
3/20/20-6:04,71.6,71.6,51,0,94.45,4.21
3/20/20-6:34,71.6,71.6,15,0,27.48,4.21
3/20/20-7:04,70.7,70.7,31,0,57.08,4.21
3/20/20-7:34,68.9,70.7,15,0,27.77,4.21
3/20/20-8:04,68.9,70.7,54,0,100.3,4.21
3/20/20-8:34,68.9,70.7,56,0,104.1,4.21
3/20/20-9:04,68.9,70.7,57,0,105.2,4.21
3/20/20-9:34,68.9,70.7,52,0,96.59,4.21
3/20/20-10:04,71.6,70.7,40,0,74.2,4.21
3/20/20-10:34,72.5,70.7,15,0,27.03,4.21
3/20/20-11:04,77,70.7,15,0,28.12,4.21
3/20/20-11:34,72.5,70.7,54,0,100.3,4.21
3/20/20-12:04,72.5,70.7,15,0,27.77,4.21
3/20/20-12:34,71.6,70.7,15,0,28.5,4.21
3/20/20-13:04,70.7,70.7,15,0,28.5,4.21
3/20/20-13:34,71.6,70.7,14,0,25.91,4.21
3/20/20-14:04,72.5,70.7,13,0,24.06,4.21
3/20/20-14:34,71.6,70.7,13,0,23.69,4.21
3/20/20-15:04,73.4,70.7,13,0,23.3,4.21
3/20/20-15:34,72.5,70.7,12,0,22.95,4.21
3/20/20-16:04,75.2,70.7,12,0,22.95,4.21
3/20/20-16:34,72.5,70.7,12,0,22.19,4.21
3/20/20-17:04,70.7,70.7,12,0,22.19,4.21
3/20/20-17:34,70.7,70.7,12,0,22.19,4.21
3/20/20-18:04,69.8,70.7,12,0,22.19,4.21
3/20/20-18:34,69.8,70.7,12,0,21.84,4.21
3/20/20-19:04,68.9,70.7,11,0,21.11,4.21
3/20/20-19:34,68.9,70.7,12,0,21.46,4.21
3/20/20-20:04,68,70.7,12,0,21.46,4.21
3/20/20-20:34,68,70.7,12,0,21.46,4.21
3/20/20-21:04,68,70.7,12,0,21.46,4.21
3/20/20-21:34,68,70.7,12,0,21.84,4.21
3/20/20-22:04,68,70.7,12,0,21.84,4.21
3/20/20-22:34,68,70.7,12,0,21.84,4.21
3/20/20-23:04,68,70.7,12,0,21.84,4.21
3/20/20-23:34,68,70.7,12,0,22.2,4.21
3/21/20-0:04,68,70.7,12,0,22.58,4.21
3/21/20-0:34,68,70.7,12,0,22.57,4.21
3/21/20-1:04,68,70.7,12,0,22.2,4.21
3/21/20-1:34,68,70.7,12,0,22.2,4.21
3/21/20-2:04,68,70.7,12,0,22.58,4.21
3/21/20-2:34,68,70.7,12,0,22.58,4.21
3/21/20-3:04,68,70.7,12,0,22.58,4.21
3/21/20-3:34,68,70.7,12,0,22.58,4.21
3/21/20-4:04,67.1,70.7,12,0,22.96,4.21
3/21/20-4:34,67.1,70.7,12,0,22.96,4.21
3/21/20-12:34,69.8,70.7,13,0,24.07,4.21
3/21/20-13:04,67.1,70.7,13,0,23.68,4.21
3/21/20-13:34,61.7,68.9,12,0,23.07,4.21
3/21/20-14:04,68.9,74.3,3,0,6.03,4.21
3/21/20-14:34,68.9,70.7,14,0,25.15,4.21
3/21/20-15:04,69.8,70.7,14,0,26.27,4.21
3/21/20-15:34,70.7,70.7,14,0,26.65,4.21
3/21/20-16:04,70.7,70.7,15,0,27.38,4.21
3/21/20-16:34,70.7,70.7,15,0,28.12,4.21
3/21/20-17:04,69.8,70.7,15,0,28.12,4.21
3/21/20-17:34,68.9,70.7,15,0,28.5,4.21
3/21/20-18:04,68,70.7,16,0,28.88,4.21
3/21/20-18:34,68,70.7,16,0,29.24,4.21
3/21/20-19:04,68,70.7,16,0,29.63,4.21
3/21/20-19:34,68,70.7,16,0,30,4.21
3/21/20-20:04,68,70.7,16,0,30.36,4.21
3/21/20-20:34,68,70.7,17,0,30.74,4.21
3/21/20-21:04,68,70.7,17,0,31.47,4.21
3/21/20-21:34,68,70.7,17,0,31.48,4.21
3/21/20-22:04,68,70.7,17,0,31.86,4.21
3/21/20-22:34,68,70.7,18,0,32.59,4.21
3/21/20-23:04,68,70.7,18,0,32.97,4.21
3/21/20-23:34,68,70.7,18,0,32.97,4.21
3/22/20-0:04,68,70.7,18,0,33.33,4.21
3/22/20-0:34,68,70.7,18,0,33.71,4.21
3/22/20-1:04,68,70.7,18,0,34.06,4.21
3/22/20-1:34,68,70.7,18,0,34.07,4.21
3/22/20-2:04,68,70.7,19,0,34.45,4.21
3/22/20-2:34,68,70.7,19,0,34.45,4.21
3/22/20-3:04,68,70.7,19,0,35.18,4.21
3/22/20-3:34,68.9,70.7,19,0,35.18,4.21
3/22/20-4:04,68.9,70.7,19,0,35.57,4.21
3/22/20-4:34,68.9,70.7,20,0,36.3,4.21
3/22/20-5:04,68.9,70.7,20,0,36.68,4.21
3/22/20-5:34,68.9,70.7,20,0,36.68,4.21
3/22/20-6:04,68.9,70.7,20,0,37.04,4.21
3/22/20-6:34,68.9,70.7,20,0,37.42,4.21
3/22/20-7:04,68.9,70.7,20,0,37.8,4.21
3/22/20-7:34,68.9,70.7,21,0,38.16,4.21
3/22/20-8:04,68.9,70.7,21,0,38.54,4.21
3/22/20-8:34,69.8,70.7,21,0,39.27,4.21
3/22/20-9:04,69.8,70.7,21,0,39.65,4.21
3/22/20-9:34,69.8,70.7,21,0,39.28,4.21
3/22/20-10:04,70.7,70.7,21,0,39.66,4.21
3/22/20-10:34,71.6,70.7,22,0,40.39,4.21
3/22/20-10:34,71.6,70.7,22,0,40.39,4.21
3/22/20-11:34,73.4,71.6,22,0,40.33,4.21
3/22/20-12:04,73.4,70.7,22,0,41.12,4.21
3/22/20-12:34,73.4,71.6,22,0,40.69,4.21
3/22/20-13:04,73.4,71.6,22,0,41.07,4.21
3/22/20-13:34,73.4,71.6,22,0,41.44,4.21
3/22/20-14:04,73.4,71.6,22,0,41.44,4.21
3/22/20-14:34,75.2,71.6,23,0,42.16,4.21
3/22/20-15:04,77,71.6,23,0,42.52,4.21
3/22/20-15:34,77,71.6,23,0,42.9,4.21
3/22/20-16:04,77.9,71.6,24,0,43.62,4.21
3/22/20-16:34,77.9,71.6,24,0,43.62,4.21
3/22/20-17:04,75.2,71.6,23,0,42.9,4.21
3/22/20-17:34,74.3,71.6,23,0,43.28,4.21
3/22/20-18:04,73.4,71.6,23,0,43.28,4.21
3/22/20-18:34,72.5,71.6,23,0,43.29,4.21
3/22/20-19:04,71.6,71.6,24,0,43.64,4.21
3/22/20-19:34,71.6,71.6,24,0,43.64,4.21
3/22/20-20:04,70.7,71.6,23,0,43.3,4.21
3/22/20-20:34,70.7,71.6,24,0,44.02,4.21
3/22/20-21:04,70.7,71.6,24,0,44.03,4.21
3/22/20-21:34,70.7,71.6,24,0,44.4,4.21
3/22/20-22:04,70.7,70.7,24,0,44.88,4.21
3/22/20-22:34,70.7,70.7,24,0,44.88,4.21
3/22/20-23:04,70.7,71.6,24,0,45.13,4.21
3/22/20-23:34,70.7,71.6,25,0,45.49,4.21
3/23/20-0:04,70.7,71.6,25,0,45.49,4.21
3/23/20-0:34,70.7,71.6,25,0,45.49,4.21
3/23/20-1:04,70.7,71.6,25,0,45.86,4.21
3/23/20-1:34,70.7,71.6,25,0,46.24,4.21
3/23/20-2:04,70.7,71.6,25,0,46.24,4.21
3/23/20-2:34,70.7,71.6,25,0,46.59,4.21
3/23/20-3:04,70.7,71.6,23,0,43.29,4.21
3/23/20-3:34,70.7,71.6,23,0,42.54,4.21
3/23/20-4:04,70.7,71.6,20,0,37.02,4.21
3/23/20-4:34,70.7,71.6,18,0,33.71,4.21
3/23/20-5:04,70.7,71.6,18,0,32.62,4.21
3/23/20-5:34,70.7,71.6,17,0,32.25,4.21
3/23/20-6:04,70.7,71.6,17,0,31.52,4.21
3/23/20-6:34,70.7,70.7,17,0,32.21,4.21
3/23/20-7:04,70.7,71.6,17,0,32.25,4.21
3/23/20-7:34,70.7,71.6,18,0,32.62,4.21
3/23/20-8:04,70.7,71.6,18,0,32.97,4.21
3/23/20-8:34,71.6,71.6,17,0,31.87,4.21
3/23/20-9:04,72.5,71.6,17,0,31.51,4.21
3/23/20-9:34,72.5,71.6,17,0,30.76,4.21
3/23/20-10:04,73.4,71.6,16,0,30.02,4.21
3/23/20-10:34,77,71.6,16,0,29.67,4.21
3/23/20-11:04,78.8,71.6,16,0,29.65,4.21
3/23/20-11:34,86,72.5,16,0,30.4,4.21
3/23/20-12:04,80.6,72.5,16,0,29.35,4.21
3/23/20-12:34,81.5,72.5,16,0,29.34,4.21
3/23/20-13:04,81.5,72.5,16,0,29.34,4.21
3/23/20-13:34,79.7,72.5,16,0,28.98,4.21
3/23/20-14:04,84.2,72.5,16,0,29.34,4.21
3/23/20-14:34,91.4,72.5,17,0,31.84,4.21
3/23/20-15:04,103.1,73.4,18,0,33.98,4.21
3/23/20-15:34,95.9,74.3,17,0,31.89,4.21
3/23/20-16:04,87.8,74.3,17,0,30.84,4.21
3/23/20-16:34,85.1,74.3,16,0,30.14,4.21
3/23/20-17:04,81.5,74.3,16,0,29.79,4.21
3/23/20-17:34,79.7,74.3,16,0,29.45,4.21
3/23/20-18:04,77.9,73.4,16,0,29.39,4.21
3/23/20-18:34,77.9,73.4,16,0,29.4,4.21
3/23/20-19:04,77,73.4,15,0,28.69,4.21
3/23/20-19:34,75.2,72.5,15,0,28.62,4.21
3/23/20-20:04,73.4,72.5,15,0,28.62,4.21
3/23/20-20:34,73.4,72.5,15,0,28.62,4.21
3/23/20-21:04,72.5,71.6,15,0,28.58,4.21
3/23/20-21:34,72.5,71.6,15,0,28.2,4.21
3/23/20-22:04,72.5,71.6,15,0,28.2,4.21
3/23/20-22:34,71.6,71.6,15,0,28.58,4.21
3/23/20-23:04,71.6,71.6,15,0,28.2,4.21
3/23/20-23:34,71.6,71.6,15,0,28.2,4.21
3/24/20-0:04,71.6,71.6,15,0,28.58,4.21
3/24/20-0:34,71.6,71.6,15,0,28.21,4.21
3/24/20-1:04,71.6,71.6,15,0,28.2,4.21
3/24/20-1:34,71.6,71.6,15,0,28.21,4.21
3/24/20-2:04,71.6,71.6,15,0,28.2,4.21
3/24/20-2:34,71.6,71.6,15,0,27.83,4.21
3/24/20-3:04,71.6,71.6,15,0,27.83,4.21
3/24/20-3:34,70.7,71.6,15,0,28.21,4.21
3/24/20-4:04,70.7,71.6,15,0,27.83,4.21
3/24/20-4:34,70.7,71.6,15,0,27.83,4.21
3/24/20-5:04,70.7,71.6,15,0,27.48,4.21
3/24/20-5:34,70.7,71.6,15,0,27.1,4.21
3/24/20-6:04,70.7,71.6,15,0,27.48,4.21
3/24/20-6:34,70.7,71.6,15,0,27.11,4.21
3/24/20-7:04,70.7,71.6,14,0,26.75,4.21
3/24/20-7:34,70.7,70.7,14,0,26.66,4.21
3/24/20-8:04,71.6,70.7,15,0,27.04,4.21
3/24/20-8:34,72.5,71.6,14,0,26.37,4.21
3/24/20-9:04,75.2,71.6,14,0,26.74,4.21
3/24/20-9:34,80.6,71.6,15,0,27.08,4.21
3/24/20-10:04,78.8,71.6,15,0,27.09,4.21
3/24/20-10:34,78.8,71.6,15,0,27.08,4.21
3/24/20-11:04,79.7,71.6,15,0,27.08,4.21
3/24/20-11:34,85.1,72.5,13,0,24.97,4.21
3/24/20-12:04,99.5,73.4,15,0,27.18,4.21
3/24/20-12:34,112.1,73.4,14,0,25.72,4.21
3/24/20-13:04,120.2,74.3,14,0,25.8,4.21
3/24/20-13:34,-1,75.2,14,0,25.87,4.21
3/24/20-14:04,-1,77,14,0,25.7,4.21
3/24/20-14:34,-1,76.1,13,0,24.92,4.21
3/24/20-15:04,119.3,77.9,13,0,24.08,4.21
3/24/20-15:34,111.2,77,11,0,20.92,4.21
3/24/20-16:04,92.3,76.1,9,0,16.66,4.21
3/24/20-16:34,86,75.2,9,0,16.47,4.21
3/24/20-17:04,80.6,74.3,8,0,15.58,4.21
3/24/20-17:34,78.8,74.3,8,0,14.88,4.21
3/24/20-18:04,77,73.4,8,0,14.69,4.21
3/24/20-18:34,75.2,73.4,8,0,14.69,4.21
3/24/20-19:04,74.3,72.5,8,0,14.48,4.21
3/24/20-19:34,72.5,72.5,8,0,14.48,4.21
3/24/20-20:04,71.6,71.6,8,0,14.26,4.21
3/24/20-20:34,70.7,71.6,8,0,14.26,4.21
3/24/20-21:04,70.7,71.6,8,0,14.26,4.21
3/24/20-21:34,69.8,70.7,8,0,14.06,4.21
3/24/20-22:04,69.8,70.7,8,0,14.42,4.21
3/24/20-22:34,69.8,70.7,8,0,14.06,4.21
3/24/20-23:04,69.8,70.7,8,0,14.06,4.21
3/24/20-23:34,68.9,70.7,8,0,14.06,4.21
3/25/20-0:04,68.9,70.7,7,0,13.68,4.21
3/25/20-0:34,68.9,70.7,8,0,14.06,4.21
3/25/20-1:04,68.9,70.7,7,0,13.68,4.21
3/25/20-1:34,68.9,70.7,8,0,14.06,4.21
3/25/20-2:04,68.9,70.7,7,0,13.68,4.21
3/25/20-2:34,68.9,70.7,7,0,13.68,4.21
3/25/20-3:04,68.9,70.7,8,0,14.06,4.21
3/25/20-3:34,68.9,70.7,7,0,13.68,4.21
3/25/20-4:04,68.9,70.7,8,0,14.06,4.21
3/25/20-4:34,68.9,70.7,7,0,13.68,4.21
3/25/20-5:04,68.9,70.7,7,0,13.68,4.21
3/25/20-5:34,68.9,70.7,7,0,13.31,4.21
3/25/20-6:04,68.9,70.7,8,0,14.06,4.21
3/25/20-6:34,68.9,70.7,8,0,14.06,4.21
3/25/20-7:04,68.9,70.7,8,0,14.06,4.21
3/25/20-7:34,69.8,70.7,8,0,14.06,4.21
3/25/20-8:04,69.8,70.7,8,0,14.06,4.21
3/25/20-8:34,71.6,70.7,8,0,14.06,4.21
3/25/20-9:04,73.4,70.7,8,0,14.41,4.21
3/25/20-9:34,75.2,71.6,8,0,14.63,4.21
3/25/20-10:04,77,71.6,8,0,14.63,4.21
3/25/20-10:34,77.9,71.6,8,0,15,4.21
3/25/20-11:04,80.6,71.6,8,0,15.35,4.21
3/25/20-11:34,91.4,72.5,9,0,15.9,4.21
3/25/20-12:04,107.6,72.5,11,0,19.51,4.21
3/25/20-12:34,115.7,74.3,12,0,21.56,4.21
3/25/20-13:04,118.4,75.2,12,0,22.74,4.21
3/25/20-13:34,119.3,75.2,13,0,23.77,4.21
3/25/20-14:04,120.2,76.1,13,0,23.88,4.21
3/25/20-14:34,117.5,77,12,0,22.62,4.21
3/25/20-15:04,115.7,77.9,12,0,21.38,4.21
3/25/20-15:34,104.9,77.9,10,0,18.01,4.21
3/25/20-16:04,90.5,78.8,8,0,15.5,4.21
3/25/20-16:34,86,77.9,8,0,14.64,4.21
3/25/20-17:04,82.4,77.9,8,0,14.29,4.21
3/25/20-17:34,80.6,76.1,8,0,14.25,4.21
3/25/20-18:04,78.8,76.1,8,0,14.25,4.21
3/25/20-18:34,77.9,76.1,8,0,13.89,4.21
3/25/20-19:04,77,75.2,8,0,14.04,4.21
3/25/20-19:34,76.1,75.2,8,0,14.04,4.21
3/25/20-20:04,75.2,74.3,7,0,13.82,4.21
3/25/20-20:34,74.3,74.3,7,0,13.48,4.21
3/25/20-21:04,74.3,73.4,8,0,13.97,4.21
3/25/20-21:34,73.4,73.4,8,0,13.97,4.21
3/25/20-22:04,72.5,72.5,7,0,13.77,4.21
3/25/20-22:34,72.5,72.5,7,0,13.77,4.21
3/25/20-23:04,71.6,71.6,7,0,13.54,4.21
3/25/20-23:34,71.6,71.6,8,0,13.91,4.21
3/26/20-0:04,70.7,71.6,8,0,13.91,4.21
3/26/20-0:34,70.7,70.7,8,0,14.06,4.21
3/26/20-1:04,70.7,70.7,7,0,13.69,4.21
3/26/20-1:34,70.7,70.7,7,0,13.69,4.21
3/26/20-2:04,70.7,71.6,7,0,13.54,4.21
3/26/20-2:34,70.7,71.6,8,0,13.91,4.21
3/26/20-3:04,70.7,71.6,7,0,13.54,4.21
3/26/20-3:34,70.7,71.6,8,0,13.91,4.21
3/26/20-4:04,70.7,71.6,7,0,13.54,4.21
3/26/20-4:34,70.7,71.6,7,0,13.54,4.21
3/26/20-5:04,70.7,71.6,7,0,13.54,4.21
3/26/20-5:34,70.7,71.6,7,0,13.54,4.21
3/26/20-6:04,70.7,71.6,7,0,13.54,4.21
3/26/20-6:34,70.7,71.6,7,0,13.54,4.21
3/26/20-7:04,70.7,71.6,7,0,13.54,4.21
3/26/20-7:34,70.7,70.7,8,0,14.06,4.21
3/26/20-8:04,71.6,71.6,7,0,13.54,4.21
3/26/20-8:34,71.6,71.6,7,0,13.54,4.21
3/26/20-9:04,73.4,71.6,8,0,13.91,4.21
3/26/20-9:34,78.8,71.6,8,0,14.26,4.21
3/26/20-10:04,77.9,71.6,8,0,14.64,4.21
3/26/20-10:34,89.6,72.5,8,0,15.19,4.21
3/26/20-11:04,88.7,72.5,8,0,15.56,4.21
3/26/20-11:34,91.4,73.4,9,0,15.74,4.21
3/26/20-12:04,94.1,73.4,9,0,16.1,4.21
3/26/20-12:34,103.1,74.3,10,0,17.69,4.21
3/26/20-13:04,102.2,74.3,10,0,17.69,4.21
3/26/20-13:34,104.9,74.3,10,0,18.05,4.21
3/26/20-14:04,110.3,74.3,11,0,19.81,4.21
3/26/20-14:34,113.9,76.1,11,0,20.45,4.21
3/26/20-15:04,112.1,76.1,11,0,20.1,4.21
3/26/20-15:34,102.2,76.1,9,0,17.34,4.21
3/26/20-16:04,89.6,77,8,0,15.46,4.21
3/26/20-16:34,85.1,77,8,0,14.44,4.21
3/26/20-17:04,82.4,76.1,8,0,14.25,4.21
3/26/20-17:34,80.6,76.1,8,0,14.25,4.21
3/26/20-18:04,79.7,75.2,8,0,14.04,4.21
3/26/20-18:34,77.9,76.1,8,0,13.9,4.21
3/26/20-19:04,77.9,75.2,7,0,13.68,4.21
3/26/20-19:34,76.1,74.3,7,0,13.82,4.21
3/26/20-20:04,75.2,74.3,7,0,13.82,4.21
3/26/20-20:34,74.3,73.4,7,0,13.62,4.21
3/26/20-21:04,73.4,73.4,7,0,13.62,4.21
3/26/20-21:34,73.4,72.5,8,0,14.12,4.21
3/26/20-22:04,72.5,72.5,7,0,13.4,4.21
3/26/20-22:34,72.5,71.6,8,0,13.92,4.21
3/26/20-23:04,71.6,71.6,7,0,13.54,4.21
3/26/20-23:34,71.6,71.6,7,0,13.54,4.21
3/27/20-0:04,71.6,71.6,7,0,13.54,4.21
3/27/20-0:34,70.7,71.6,7,0,13.54,4.21
3/27/20-1:04,70.7,71.6,8,0,13.92,4.21
3/27/20-1:34,70.7,71.6,7,0,13.54,4.21
3/27/20-2:04,70.7,71.6,7,0,13.54,4.21
3/27/20-2:34,71.6,71.6,7,0,13.54,4.21
3/27/20-3:04,70.7,71.6,7,0,13.54,4.21
3/27/20-3:34,70.7,71.6,7,0,13.54,4.21
3/27/20-4:04,70.7,71.6,7,0,13.54,4.21
3/27/20-4:34,70.7,71.6,7,0,13.54,4.21
3/27/20-5:04,70.7,71.6,7,0,13.54,4.21
3/27/20-5:34,70.7,71.6,7,0,13.54,4.21
3/27/20-6:04,70.7,71.6,8,0,13.92,4.21
3/27/20-6:34,70.7,71.6,7,0,13.54,4.21
3/27/20-7:04,71.6,71.6,7,0,13.54,4.21
3/27/20-7:34,71.6,71.6,8,0,13.91,4.21
3/27/20-8:04,71.6,71.6,8,0,14.64,4.21
3/27/20-8:34,73.4,71.6,8,0,14.26,4.21
3/27/20-9:04,76.1,71.6,8,0,15.01,4.21
3/27/20-9:34,77.9,71.6,8,0,15.01,4.21
3/27/20-10:04,83.3,71.6,8,0,15.73,4.21
3/27/20-10:34,86.9,72.5,9,0,15.91,4.21
3/27/20-11:04,96.8,72.5,9,0,16.99,4.21
3/27/20-11:34,101.3,73.4,10,0,17.89,4.21
3/27/20-12:04,105.8,75.2,10,0,18.58,4.21
3/27/20-12:34,108.5,75.2,10,0,18.22,4.21
3/27/20-13:04,97.7,75.2,9,0,16.48,4.21
3/27/20-13:34,98.6,75.2,9,0,16.84,4.21
3/27/20-14:04,96.8,75.2,9,0,16.48,4.21
3/27/20-14:34,91.4,75.2,9,0,15.79,4.21
3/27/20-15:04,96.8,75.2,9,0,16.48,4.21
3/27/20-15:34,93.2,75.2,8,0,15.43,4.21
3/27/20-16:04,88.7,75.2,8,0,14.74,4.21
3/27/20-16:34,86.9,75.2,8,0,14.4,4.21
3/27/20-17:04,86,76.1,8,0,14.26,4.21
3/27/20-17:34,84.2,76.1,8,0,13.91,4.21
3/27/20-18:04,82.4,75.2,7,0,13.69,4.21
3/27/20-18:34,80.6,75.2,7,0,13.69,4.21
3/27/20-19:04,79.7,74.3,7,0,13.49,4.21
3/27/20-19:34,77,73.4,7,0,13.27,4.21
3/27/20-20:04,75.2,73.4,7,0,13.27,4.21
3/27/20-20:34,74.3,72.5,7,0,13.04,4.21
3/27/20-21:04,74.3,72.5,7,0,12.69,4.21
3/27/20-21:34,73.4,72.5,7,0,13.04,4.21
3/27/20-22:04,72.5,71.6,7,0,13.18,4.21
3/27/20-22:34,72.5,71.6,7,0,12.83,4.21
3/27/20-23:04,72.5,71.6,7,0,12.45,4.21
3/27/20-23:34,72.5,71.6,7,0,12.83,4.21
3/28/20-0:04,72.5,71.6,7,0,12.45,4.21
3/28/20-0:34,72.5,71.6,7,0,12.82,4.21
3/28/20-1:04,72.5,71.6,7,0,12.83,4.21
3/28/20-1:34,72.5,71.6,7,0,12.83,4.21
3/28/20-2:04,72.5,71.6,7,0,12.45,4.21
3/28/20-2:34,72.5,71.6,7,0,12.83,4.21
3/28/20-3:04,71.6,71.6,7,0,12.83,4.21
3/28/20-3:34,71.6,71.6,7,0,12.45,4.21
3/28/20-4:04,71.6,71.6,7,0,12.45,4.21
3/28/20-4:34,71.6,71.6,7,0,12.45,4.21
3/28/20-5:04,71.6,71.6,7,0,12.45,4.21
3/28/20-5:34,71.6,71.6,7,0,12.45,4.21
3/28/20-6:04,71.6,71.6,7,0,12.83,4.21
3/28/20-6:34,71.6,71.6,7,0,12.83,4.21
3/28/20-7:04,71.6,71.6,7,0,12.83,4.21
3/28/20-7:34,71.6,71.6,7,0,12.45,4.21
3/28/20-8:04,72.5,71.6,7,0,12.83,4.21
3/28/20-8:34,72.5,71.6,7,0,12.83,4.21
3/28/20-9:04,72.5,71.6,7,0,12.83,4.21
3/28/20-9:34,73.4,71.6,7,0,13.55,4.21
3/28/20-10:04,72.5,71.6,7,0,12.83,4.21
3/28/20-10:34,73.4,71.6,7,0,13.18,4.21
3/28/20-11:04,71.6,71.6,7,0,12.83,4.21
3/28/20-11:34,72.5,71.6,7,0,13.18,4.21
3/28/20-12:04,78.8,71.6,8,0,13.92,4.21
3/28/20-12:34,80.6,71.6,8,0,14.27,4.21
3/28/20-13:04,85.1,71.6,8,0,15.01,4.21
3/28/20-13:34,94.1,72.5,9,0,15.91,4.21
3/28/20-14:04,105.8,73.4,10,0,17.89,4.21
3/28/20-14:34,101.3,73.4,9,0,16.82,4.21
3/28/20-15:04,96.8,74.3,9,0,15.95,4.21
3/28/20-15:34,90.5,73.4,8,0,15.41,4.21
3/28/20-16:04,86.9,73.4,8,0,14.7,4.21
3/28/20-16:34,84.2,73.4,8,0,13.97,4.21
3/28/20-17:04,82.4,73.4,8,0,13.97,4.21
3/28/20-17:34,80.6,72.5,7,0,13.77,4.21
3/28/20-18:04,78.8,72.5,7,0,13.41,4.21
3/28/20-18:34,75.2,72.5,7,0,13.04,4.21
3/28/20-19:04,74.3,71.6,7,0,12.82,4.21
3/28/20-19:34,71.6,71.6,7,0,12.83,4.21
3/28/20-20:04,69.8,70.7,7,0,12.59,4.21
3/28/20-20:34,69.8,70.7,7,0,12.59,4.21
3/28/20-21:04,68.9,70.7,7,0,12.59,4.21
3/28/20-21:34,68,70.7,7,0,12.59,4.21
3/28/20-22:04,68,70.7,7,0,12.59,4.21
3/28/20-22:34,68,70.7,7,0,12.23,4.21
3/28/20-23:04,68,70.7,7,0,12.23,4.21
3/28/20-23:34,67.1,70.7,6,0,11.85,4.21
3/29/20-0:04,67.1,70.7,7,0,12.23,4.21
3/29/20-0:34,67.1,70.7,6,0,11.85,4.21
3/29/20-1:04,67.1,70.7,6,0,11.85,4.21
3/29/20-1:34,66.2,70.7,6,0,11.85,4.21
3/29/20-2:04,66.2,70.7,7,0,12.23,4.21
3/29/20-2:34,66.2,70.7,7,0,12.23,4.21
3/29/20-3:04,66.2,70.7,6,0,11.85,4.21
3/29/20-3:34,66.2,70.7,6,0,11.85,4.21
3/29/20-4:04,66.2,70.7,6,0,11.85,4.21
3/29/20-4:34,66.2,70.7,7,0,12.23,4.21
3/29/20-5:04,67.1,70.7,6,0,11.85,4.21
3/29/20-5:34,67.1,70.7,6,0,11.85,4.21
3/29/20-6:04,67.1,70.7,7,0,12.23,4.21
3/29/20-6:34,67.1,70.7,7,0,12.23,4.21
3/29/20-7:04,67.1,70.7,7,0,12.23,4.21
3/29/20-7:34,67.1,70.7,7,0,12.23,4.21
3/29/20-8:04,68,70.7,7,0,12.23,4.21
3/29/20-8:34,70.7,70.7,7,0,12.59,4.21
3/29/20-9:04,73.4,70.7,7,0,12.96,4.21
3/29/20-9:34,84.2,71.6,7,0,13.54,4.21
3/29/20-10:04,95.9,71.6,8,0,15.02,4.21
3/29/20-10:34,101.3,72.5,8,0,15.2,4.21
3/29/20-11:04,104.9,72.5,9,0,16.28,4.21
3/29/20-11:34,107.6,73.4,9,0,17.54,4.21
3/29/20-12:04,111.2,74.3,10,0,18.4,4.21
3/29/20-12:34,116.6,74.3,11,0,19.46,4.21
3/29/20-13:04,114.8,75.2,10,0,18.21,4.21
3/29/20-13:34,117.5,75.2,10,0,18.93,4.21
3/29/20-14:04,97.7,75.2,8,0,14.73,4.21
3/29/20-14:34,91.4,74.3,8,0,14.55,4.21
3/29/20-15:04,100.4,74.3,9,0,15.94,4.21
3/29/20-15:34,95,74.3,8,0,14.89,4.21
3/29/20-16:04,87.8,73.4,8,0,14.33,4.21
3/29/20-16:34,85.1,73.4,8,0,13.97,4.21
3/29/20-17:04,81.5,73.4,8,0,14.34,4.21
3/29/20-17:34,78.8,72.5,7,0,13.77,4.21
3/29/20-18:04,77.9,72.5,8,0,14.12,4.21
3/29/20-18:34,75.2,72.5,7,0,13.4,4.21
3/29/20-19:04,74.3,71.6,7,0,13.55,4.21
3/29/20-19:34,72.5,71.6,7,0,13.55,4.21
3/29/20-20:04,71.6,71.6,7,0,13.55,4.21
3/29/20-20:34,71.6,71.6,7,0,13.18,4.21
3/29/20-21:04,70.7,71.6,7,0,13.18,4.21
3/29/20-21:34,70.7,71.6,7,0,13.18,4.21
3/29/20-22:04,70.7,71.6,7,0,13.18,4.21
3/29/20-22:34,70.7,71.6,7,0,13.18,4.21
3/29/20-23:04,70.7,71.6,7,0,13.18,4.21
3/29/20-23:34,70.7,71.6,7,0,13.55,4.21
3/30/20-0:04,70.7,71.6,7,0,13.55,4.21
3/30/20-0:34,70.7,70.7,7,0,13.7,4.21
3/30/20-1:04,70.7,70.7,7,0,13.7,4.21
3/30/20-1:34,70.7,70.7,8,0,14.08,4.21
3/30/20-2:04,70.7,70.7,7,0,13.7,4.21
3/30/20-2:34,70.7,70.7,7,0,13.7,4.21
3/30/20-3:04,70.7,70.7,7,0,13.32,4.21
3/30/20-3:34,70.7,70.7,7,0,13.32,4.21
3/30/20-4:04,70.7,70.7,7,0,12.96,4.21
3/30/20-4:34,70.7,70.7,7,0,12.96,4.21
3/30/20-5:04,70.7,70.7,7,0,12.58,4.21
3/30/20-5:34,70.7,70.7,7,0,12.58,4.21
3/30/20-6:04,69.8,71.6,7,0,12.45,4.21
3/30/20-6:34,70.7,70.7,7,0,12.58,4.21
3/30/20-7:04,70.7,70.7,7,0,12.58,4.21
3/30/20-7:34,70.7,70.7,7,0,12.23,4.21
3/30/20-8:04,70.7,70.7,7,0,12.58,4.21
3/30/20-8:34,70.7,70.7,7,0,12.96,4.21
3/30/20-9:04,70.7,71.6,7,0,12.82,4.21
3/30/20-9:34,71.6,71.6,7,0,13.17,4.21
3/30/20-10:04,71.6,71.6,7,0,12.82,4.21
3/30/20-10:34,71.6,71.6,7,0,13.18,4.21
3/30/20-11:04,71.6,71.6,7,0,13.17,4.21
3/30/20-11:34,71.6,71.6,7,0,13.17,4.21
3/30/20-12:04,71.6,71.6,7,0,13.17,4.21
3/30/20-12:34,72.5,71.6,7,0,13.17,4.21
3/30/20-13:04,72.5,71.6,7,0,12.82,4.21
3/30/20-13:34,72.5,71.6,7,0,13.17,4.21
3/30/20-14:04,72.5,71.6,7,0,13.17,4.21
3/30/20-14:34,72.5,71.6,7,0,13.55,4.21
3/30/20-15:04,72.5,71.6,7,0,13.55,4.21
3/30/20-15:34,72.5,71.6,7,0,13.17,4.21
3/30/20-16:04,72.5,71.6,7,0,13.17,4.21
3/30/20-16:34,73.4,71.6,7,0,13.55,4.21
3/30/20-17:04,75.2,71.6,7,0,13.55,4.21
3/30/20-17:34,74.3,71.6,7,0,13.17,4.21
3/30/20-18:04,73.4,71.6,7,0,13.55,4.21
3/30/20-18:34,73.4,71.6,7,0,12.82,4.21
3/30/20-19:04,72.5,71.6,7,0,12.82,4.21
3/30/20-19:34,72.5,71.6,7,0,12.82,4.21
3/30/20-20:04,71.6,71.6,7,0,12.82,4.21
3/30/20-20:34,71.6,71.6,7,0,12.45,4.21
3/30/20-21:04,71.6,71.6,7,0,12.45,4.21
3/30/20-21:34,70.7,71.6,7,0,12.45,4.21
3/30/20-22:04,70.7,71.6,7,0,12.1,4.21
3/30/20-22:34,70.7,71.6,7,0,12.45,4.21
3/30/20-23:04,71.6,71.6,7,0,12.45,4.21
3/30/20-23:34,71.6,71.6,7,0,12.45,4.21
3/31/20-0:04,71.6,71.6,7,0,12.1,4.21
3/31/20-0:34,70.7,71.6,7,0,12.1,4.21
3/31/20-1:04,70.7,71.6,7,0,12.45,4.21
3/31/20-1:34,70.7,71.6,7,0,12.45,4.21
3/31/20-2:04,69.8,71.6,7,0,12.1,4.21
3/31/20-2:34,69.8,71.6,7,0,12.1,4.21
3/31/20-3:04,69.8,71.6,7,0,12.1,4.21
3/31/20-3:34,69.8,70.7,7,0,12.23,4.21
3/31/20-4:04,68.9,70.7,6,0,11.85,4.21
3/31/20-4:34,68.9,70.7,6,0,11.85,4.21
3/31/20-5:04,68.9,70.7,6,0,11.47,4.21
3/31/20-5:34,68.9,70.7,6,0,11.85,4.21
3/31/20-6:04,68,70.7,6,0,11.85,4.21
3/31/20-6:34,68,70.7,6,0,11.85,4.21
3/31/20-7:04,68,70.7,6,0,11.47,4.21
3/31/20-7:34,68,70.7,6,0,11.85,4.21
3/31/20-8:04,68.9,70.7,6,0,11.85,4.21
3/31/20-8:34,70.7,70.7,7,0,12.23,4.21
3/31/20-9:04,73.4,70.7,7,0,12.58,4.21
3/31/20-9:34,74.3,70.7,7,0,12.96,4.21
3/31/20-10:04,78.8,70.7,7,0,12.96,4.21
3/31/20-10:34,77,70.7,7,0,12.96,4.21
3/31/20-11:04,82.4,71.6,7,0,13.54,4.21
3/31/20-11:34,88.7,71.6,8,0,14.64,4.21
3/31/20-12:04,84.2,72.5,7,0,13.39,4.21
3/31/20-12:34,104,73.4,9,0,17.54,4.21
3/31/20-13:04,109.4,74.3,10,0,18.4,4.21
3/31/20-13:34,116.6,75.2,11,0,19.97,4.21
3/31/20-14:04,113,76.1,10,0,18.38,4.21
3/31/20-14:34,120.2,76.1,11,0,20.78,4.21
3/31/20-15:04,113.9,77,10,0,17.84,4.21
3/31/20-15:34,98.6,76.1,8,0,15.62,4.21
3/31/20-16:04,87.8,76.1,8,0,14.59,4.21
3/31/20-16:34,82.4,75.2,7,0,13.68,4.21
3/31/20-17:04,80.6,74.3,7,0,13.82,4.21
3/31/20-17:34,77,73.4,7,0,13.63,4.21
3/31/20-18:04,74.3,72.5,7,0,13.4,4.21
3/31/20-18:34,73.4,72.5,7,0,13.03,4.21
3/31/20-19:04,72.5,72.5,7,0,13.03,4.21
3/31/20-19:34,71.6,71.6,7,0,12.82,4.21
3/31/20-20:04,70.7,71.6,7,0,13.17,4.21
3/31/20-20:34,69.8,71.6,7,0,12.45,4.21
3/31/20-21:04,69.8,71.6,7,0,12.45,4.21
3/31/20-21:34,68.9,70.7,7,0,12.58,4.21
3/31/20-22:04,68.9,70.7,7,0,12.58,4.21
3/31/20-22:34,68.9,70.7,7,0,12.58,4.21
3/31/20-23:04,68,70.7,7,0,12.22,4.21
3/31/20-23:34,68,70.7,6,0,11.85,4.21
4/1/20-0:04,68,70.7,6,0,11.85,4.21
4/1/20-0:34,68,70.7,6,0,11.47,4.21
4/1/20-1:04,68,70.7,6,0,11.85,4.21
4/1/20-1:34,68,70.7,6,0,11.84,4.21
4/1/20-2:04,68,70.7,6,0,11.85,4.21
4/1/20-2:34,67.1,70.7,6,0,11.84,4.21
4/1/20-3:04,67.1,70.7,6,0,11.47,4.21
4/1/20-3:34,67.1,70.7,6,0,11.47,4.21
4/1/20-4:04,67.1,70.7,6,0,11.47,4.21
4/1/20-4:34,66.2,70.7,6,0,11.47,4.21
4/1/20-5:04,66.2,70.7,6,0,11.47,4.21
4/1/20-5:34,66.2,70.7,6,0,11.47,4.21
4/1/20-6:04,66.2,70.7,6,0,11.47,4.21
4/1/20-6:34,66.2,70.7,6,0,11.47,4.21
4/1/20-7:04,66.2,70.7,6,0,11.47,4.21
4/1/20-7:34,66.2,70.7,6,0,11.85,4.21
4/1/20-8:04,67.1,70.7,6,0,11.85,4.21
4/1/20-8:34,69.8,70.7,6,0,11.85,4.21
4/1/20-9:04,77.9,70.7,7,0,12.58,4.21
4/1/20-9:34,86.9,70.7,8,0,14.06,4.21
4/1/20-10:04,96.8,71.6,8,0,14.63,4.21
4/1/20-10:34,103.1,71.6,8,0,15,4.21
4/1/20-11:04,105.8,72.5,9,0,16.27,4.21
4/1/20-11:34,106.7,73.4,9,0,17.54,4.21
4/1/20-12:04,110.3,73.4,10,0,18.95,4.21
4/1/20-12:34,113.9,73.4,11,0,20.01,4.21
4/1/20-13:04,106.7,73.4,8,0,15.07,4.21
4/1/20-15:46,80.60,75.20,5.00,0.00,9.46,4.13
4/1/20-15:16,80.60,77.00,5.00,0.00,9.27,4.13
4/1/20-15:16,79.70,77.90,5.00,0.00,9.18,4.13
4/1/20-15:54,79.70,77.90,5.00,0.00,9.18,4.13
4/1/20-16:24,-1.00,84.20,3.00,0.00,6.34,4.12
4/1/20-16:54,-1.00,77.90,4.00,0.00,6.78,4.14
4/1/20-17:24,77.90,72.50,5.00,0.00,10.11,4.13
4/1/20-17:54,74.30,72.50,10.00,0.00,17.75,4.13
4/1/20-18:24,73.40,72.50,10.00,0.00,17.75,4.12
4/1/20-18:54,73.40,72.50,9.00,0.00,17.01,4.13
4/1/20-19:24,72.50,72.50,9.00,0.00,17.38,4.13
4/1/20-19:54,71.60,71.60,9.00,0.00,17.19,4.12
4/1/20-20:24,71.60,71.60,9.00,0.00,17.57,4.12
4/1/20-20:54,70.70,71.60,9.00,0.00,17.57,4.12
4/1/20-21:24,70.70,71.60,10.00,0.00,17.94,4.12
4/1/20-21:54,69.80,71.60,10.00,0.00,17.94,4.12
4/1/20-22:24,69.80,70.70,10.00,0.00,18.13,4.12
4/1/20-22:54,69.80,70.70,10.00,0.00,18.49,4.12
4/1/20-23:24,69.80,70.70,10.00,0.00,18.49,4.12
4/1/20-23:54,69.80,70.70,10.00,0.00,19.23,4.12
4/2/20-0:24,69.80,70.70,10.00,0.00,19.23,4.12
4/2/20-0:54,69.80,70.70,10.00,0.00,18.87,4.12
4/2/20-1:24,69.80,70.70,10.00,0.00,19.23,4.12
4/2/20-1:54,69.80,70.70,11.00,0.00,19.61,4.12
4/2/20-2:24,69.80,70.70,11.00,0.00,19.61,4.09
4/2/20-2:54,69.80,70.70,11.00,0.00,19.61,4.12
4/2/20-3:24,69.80,70.70,11.00,0.00,19.99,4.09
4/2/20-3:54,69.80,70.70,11.00,0.00,19.99,4.12
4/2/20-4:24,69.80,70.70,11.00,0.00,19.99,4.12
4/2/20-4:54,69.80,70.70,11.00,0.00,19.99,4.12
4/2/20-5:24,69.80,70.70,11.00,0.00,20.35,4.12
4/2/20-5:54,69.80,70.70,11.00,0.00,20.34,4.12
4/2/20-6:24,69.80,70.70,11.00,0.00,20.34,4.11
4/2/20-6:54,69.80,70.70,11.00,0.00,20.35,4.11
4/2/20-7:24,69.80,70.70,11.00,0.00,20.72,4.11
4/2/20-7:54,70.70,70.70,11.00,0.00,20.72,4.11
4/2/20-8:24,70.70,70.70,11.00,0.00,20.72,4.11
4/2/20-8:54,70.70,70.70,12.00,0.00,21.46,4.10
4/2/20-9:24,70.70,70.70,11.00,0.00,21.10,4.11
4/2/20-9:54,71.60,71.60,12.00,0.00,21.60,4.11
4/2/20-10:24,72.50,71.60,11.00,0.00,21.23,4.11
4/2/20-10:54,71.60,71.60,11.00,0.00,21.23,4.12
4/2/20-11:24,72.50,71.60,11.00,0.00,21.23,4.11
4/2/20-11:54,72.50,71.60,12.00,0.00,21.95,4.11
4/2/20-12:24,72.50,71.60,12.00,0.00,21.60,4.10
4/2/20-12:54,72.50,71.60,12.00,0.00,21.61,4.09
4/2/20-13:24,71.60,70.70,12.00,0.00,22.19,4.11
4/2/20-13:54,72.50,71.60,12.00,0.00,21.61,4.11
4/2/20-14:24,72.50,71.60,11.00,0.00,21.23,4.11
4/2/20-14:54,72.50,71.60,12.00,0.00,21.61,4.11
4/2/20-15:24,72.50,71.60,12.00,0.00,21.96,4.11
4/2/20-15:54,72.50,71.60,12.00,0.00,21.96,4.11
4/2/20-16:24,71.60,71.60,12.00,0.00,21.96,4.11
4/2/20-16:54,71.60,70.70,11.00,0.00,21.10,4.11
4/2/20-17:24,71.60,70.70,12.00,0.00,21.46,4.11
4/2/20-17:54,71.60,70.70,12.00,0.00,21.84,4.10
4/2/20-18:24,71.60,71.60,12.00,0.00,21.61,4.11
4/2/20-18:54,71.60,71.60,12.00,0.00,21.61,4.11
4/2/20-19:24,70.70,71.60,12.00,0.00,21.96,4.11
4/2/20-19:54,70.70,71.60,12.00,0.00,21.61,4.11
4/2/20-20:24,70.70,71.60,12.00,0.00,21.96,4.11
4/2/20-20:54,70.70,71.60,12.00,0.00,22.33,4.11
4/2/20-21:24,70.70,71.60,12.00,0.00,22.33,4.10
4/2/20-21:54,70.70,71.60,12.00,0.00,21.96,4.09
4/2/20-22:24,71.60,71.60,12.00,0.00,22.33,4.10
4/2/20-22:54,71.60,71.60,12.00,0.00,21.96,4.10
4/2/20-23:24,71.60,71.60,12.00,0.00,22.34,4.10
4/2/20-23:54,70.70,71.60,12.00,0.00,22.33,4.11
4/3/20-0:24,71.60,71.60,12.00,0.00,22.34,4.10
4/3/20-0:54,70.70,71.60,12.00,0.00,21.96,4.10
4/3/20-1:24,71.60,71.60,12.00,0.00,22.33,4.08
4/3/20-1:54,71.60,71.60,12.00,0.00,22.71,4.10
4/3/20-2:24,71.60,71.60,12.00,0.00,22.71,4.07
4/3/20-2:54,71.60,71.60,12.00,0.00,22.34,4.10
4/3/20-3:24,71.60,71.60,12.00,0.00,22.34,4.09
4/3/20-3:54,71.60,71.60,12.00,0.00,22.71,4.07
4/3/20-4:24,71.60,71.60,12.00,0.00,22.34,4.10
4/3/20-4:54,71.60,71.60,12.00,0.00,22.71,4.10
4/3/20-5:24,71.60,71.60,12.00,0.00,22.71,4.09
4/3/20-5:54,71.60,71.60,12.00,0.00,22.71,4.08
4/3/20-6:24,71.60,71.60,12.00,0.00,22.71,4.10
4/3/20-6:54,71.60,71.60,12.00,0.00,22.71,4.09
4/3/20-7:24,71.60,71.60,12.00,0.00,22.71,4.08
4/3/20-7:54,71.60,71.60,12.00,0.00,22.34,4.07
4/3/20-8:24,71.60,71.60,12.00,0.00,22.71,4.10
4/3/20-8:54,71.60,71.60,12.00,0.00,22.71,4.09
4/3/20-9:24,71.60,71.60,12.00,0.00,22.71,4.09
4/3/20-9:54,72.50,71.60,12.00,0.00,22.71,4.10
4/3/20-10:24,72.50,71.60,13.00,0.00,23.44,4.10
4/3/20-10:54,73.40,71.60,12.00,0.00,23.06,4.09
4/3/20-11:24,73.40,71.60,13.00,0.00,23.43,4.09
4/3/20-11:54,73.40,71.60,12.00,0.00,23.06,4.09
4/3/20-12:24,74.30,71.60,13.00,0.00,23.43,4.09
4/3/20-12:54,75.20,71.60,13.00,0.00,23.43,4.10
4/3/20-13:24,74.30,71.60,13.00,0.00,23.43,4.10
4/3/20-13:54,75.20,71.60,13.00,0.00,23.81,4.10
4/3/20-14:24,74.30,71.60,13.00,0.00,23.81,4.10
4/3/20-14:54,74.30,71.60,13.00,0.00,23.43,4.10
4/3/20-15:24,73.40,71.60,13.00,0.00,23.43,4.10
4/3/20-15:54,72.50,71.60,13.00,0.00,23.44,4.09
4/3/20-16:24,71.60,70.70,12.00,0.00,22.96,4.09
4/3/20-16:54,71.60,71.60,12.00,0.00,23.06,4.09
4/3/20-17:24,70.70,70.70,12.00,0.00,22.96,4.09
4/3/20-17:54,70.70,70.70,13.00,0.00,23.31,4.08
4/3/20-18:24,69.80,70.70,12.00,0.00,22.96,4.09
4/3/20-18:54,69.80,70.70,12.00,0.00,22.96,4.07
4/3/20-19:24,69.80,70.70,12.00,0.00,22.96,4.09
4/3/20-19:54,68.90,70.70,12.00,0.00,22.96,4.09
4/3/20-20:24,68.90,70.70,12.00,0.00,22.58,4.09
4/3/20-20:54,68.00,70.70,12.00,0.00,22.96,4.09
4/3/20-21:24,68.00,70.70,12.00,0.00,22.58,4.09
4/3/20-21:54,68.00,70.70,12.00,0.00,22.58,4.09
4/3/20-22:24,68.00,70.70,12.00,0.00,22.20,4.09
4/3/20-22:54,68.00,70.70,12.00,0.00,22.20,4.09
4/3/20-23:24,68.00,70.70,12.00,0.00,22.58,4.09
4/3/20-23:54,68.00,70.70,12.00,0.00,22.58,4.09
4/4/20-0:24,68.00,70.70,12.00,0.00,22.58,4.09
4/4/20-0:54,68.00,70.70,12.00,0.00,22.20,4.09
4/4/20-1:24,68.00,70.70,12.00,0.00,22.58,4.09
4/4/20-1:54,68.00,70.70,12.00,0.00,22.58,4.09
4/4/20-2:24,68.00,70.70,12.00,0.00,22.58,4.09
4/4/20-2:54,68.00,70.70,12.00,0.00,22.58,4.09
4/4/20-3:24,68.00,70.70,12.00,0.00,22.58,4.09
4/4/20-3:54,68.00,70.70,12.00,0.00,22.58,4.09
4/4/20-4:24,68.00,70.70,12.00,0.00,22.58,4.08
4/4/20-4:54,68.00,70.70,12.00,0.00,22.96,4.07
4/4/20-5:24,67.10,70.70,12.00,0.00,22.58,4.09
4/4/20-5:54,67.10,70.70,12.00,0.00,22.58,4.08
4/4/20-6:24,67.10,70.70,12.00,0.00,22.20,4.08
4/4/20-6:54,67.10,70.70,12.00,0.00,22.20,4.08
4/4/20-7:24,67.10,70.70,12.00,0.00,22.58,4.09
4/4/20-7:54,68.00,70.70,12.00,0.00,22.58,4.09
4/4/20-8:24,68.00,70.70,12.00,0.00,22.58,4.09
4/4/20-8:54,68.00,70.70,12.00,0.00,22.96,4.09
4/4/20-9:24,68.00,70.70,12.00,0.00,22.58,4.09
4/4/20-9:54,68.00,70.70,12.00,0.00,22.20,4.08
4/4/20-10:24,68.90,70.70,12.00,0.00,22.96,4.08
4/4/20-10:54,68.90,70.70,12.00,0.00,22.96,4.09
4/4/20-11:24,68.90,70.70,12.00,0.00,22.96,4.08
4/4/20-11:54,68.90,70.70,12.00,0.00,22.58,4.08
4/4/20-12:24,68.90,70.70,12.00,0.00,22.96,4.08
4/4/20-12:54,70.70,70.70,12.00,0.00,22.96,4.09
4/4/20-13:24,69.80,70.70,12.00,0.00,22.58,4.08
4/4/20-13:54,69.80,70.70,12.00,0.00,22.96,4.09
4/4/20-14:24,70.70,70.70,12.00,0.00,22.96,4.08
4/4/20-14:54,72.50,70.70,12.00,0.00,22.96,4.09
4/4/20-15:24,71.60,70.70,12.00,0.00,22.96,4.09
4/4/20-15:54,70.70,70.70,13.00,0.00,23.32,4.09
4/4/20-16:24,69.80,70.70,12.00,0.00,22.96,4.07
4/4/20-16:54,69.80,70.70,12.00,0.00,22.96,4.09
4/4/20-17:24,68.90,70.70,12.00,0.00,22.58,4.09
4/4/20-17:54,68.90,70.70,12.00,0.00,22.58,4.09
4/4/20-18:24,68.90,70.70,12.00,0.00,22.96,4.09
4/4/20-18:54,68.90,70.70,12.00,0.00,22.96,4.09
4/4/20-19:24,68.90,70.70,12.00,0.00,22.58,4.09
4/4/20-19:54,68.90,70.70,12.00,0.00,22.96,4.08
4/4/20-20:24,68.90,70.70,12.00,0.00,22.58,4.08
4/4/20-20:54,68.90,70.70,12.00,0.00,22.96,4.08
4/4/20-21:24,68.90,70.70,12.00,0.00,22.58,4.08
4/4/20-21:54,68.90,70.70,13.00,0.00,23.31,4.08
4/4/20-22:24,68.90,70.70,12.00,0.00,22.96,4.09
4/4/20-22:54,68.90,70.70,12.00,0.00,22.96,4.08
4/4/20-23:24,68.90,70.70,12.00,0.00,22.96,4.08
4/4/20-23:54,68.00,70.70,12.00,0.00,22.96,4.08
4/5/20-0:24,68.90,70.70,12.00,0.00,22.96,4.09
4/5/20-0:54,68.90,70.70,13.00,0.00,23.32,4.09
4/5/20-1:24,68.90,70.70,13.00,0.00,23.32,4.06
4/5/20-1:54,68.90,70.70,13.00,0.00,23.32,4.06
4/5/20-2:24,68.90,70.70,13.00,0.00,23.32,4.08
4/5/20-2:54,68.90,70.70,12.00,0.00,22.96,4.08
4/5/20-3:24,68.90,70.70,13.00,0.00,23.32,4.05
4/5/20-3:54,68.90,70.70,12.00,0.00,22.96,4.08
4/5/20-4:24,68.90,70.70,13.00,0.00,23.32,4.08
4/5/20-4:54,68.90,70.70,13.00,0.00,23.32,4.08
4/5/20-5:24,68.90,70.70,13.00,0.00,23.32,4.08
4/5/20-5:54,68.90,70.70,13.00,0.00,23.32,4.08
4/5/20-6:24,68.90,70.70,13.00,0.00,23.32,4.08
4/5/20-6:54,68.90,70.70,12.00,0.00,22.96,4.05
4/5/20-7:24,68.90,70.70,13.00,0.00,23.70,4.07
4/5/20-7:54,68.90,70.70,13.00,0.00,23.70,4.08
4/5/20-8:24,68.90,70.70,13.00,0.00,23.32,4.08
4/5/20-8:54,69.80,70.70,13.00,0.00,23.69,4.08
4/5/20-9:24,71.60,70.70,13.00,0.00,24.07,4.07
4/5/20-9:54,73.40,70.70,13.00,0.00,23.69,4.08
4/5/20-10:24,73.40,70.70,13.00,0.00,23.69,4.08
4/5/20-10:54,73.40,70.70,13.00,0.00,24.07,4.08
4/5/20-11:24,76.10,71.60,13.00,0.00,24.16,4.08
4/5/20-11:54,75.20,71.60,13.00,0.00,24.16,4.09
4/5/20-12:24,75.20,71.60,13.00,0.00,24.16,4.10
4/5/20-12:54,78.80,71.60,13.00,0.00,24.88,4.09
4/5/20-13:24,85.10,72.50,14.00,0.00,25.70,4.10
4/5/20-13:54,89.60,73.40,13.00,0.00,24.76,4.13
4/5/20-14:24,87.80,73.40,13.00,0.00,24.76,4.11
4/5/20-14:54,89.60,74.30,13.00,0.00,24.87,4.12
4/5/20-15:24,86.00,73.40,13.00,0.00,24.40,4.10
4/5/20-15:54,81.50,73.40,13.00,0.00,23.35,4.12
4/5/20-16:24,79.70,73.40,12.00,0.00,22.98,4.11
4/5/20-16:54,78.80,72.50,12.00,0.00,22.85,4.12
4/5/20-17:24,77.00,72.50,12.00,0.00,22.14,4.12
4/5/20-17:54,75.20,72.50,12.00,0.00,22.14,4.11
4/5/20-18:24,73.40,71.60,12.00,0.00,21.65,4.12
4/5/20-18:54,72.50,71.60,12.00,0.00,21.65,4.12
4/5/20-19:24,72.50,71.60,12.00,0.00,21.65,4.10
4/5/20-19:54,71.60,71.60,11.00,0.00,21.28,4.13
4/5/20-20:24,71.60,71.60,12.00,0.00,21.66,4.12
4/5/20-20:54,70.70,71.60,11.00,0.00,21.28,4.12
4/5/20-21:24,70.70,71.60,12.00,0.00,21.66,4.12
4/5/20-21:54,70.70,71.60,12.00,0.00,21.66,4.12
4/5/20-22:24,70.70,70.70,12.00,0.00,21.51,4.12
4/5/20-22:54,70.70,70.70,12.00,0.00,21.51,4.12
4/5/20-23:24,70.70,71.60,11.00,0.00,21.28,4.10
4/5/20-23:54,70.70,71.60,11.00,0.00,21.29,4.11
4/6/20-0:24,70.70,70.70,12.00,0.00,21.52,4.12
4/6/20-0:54,70.70,71.60,11.00,0.00,21.29,4.12
4/6/20-1:24,70.70,70.70,11.00,0.00,21.16,4.11
4/6/20-1:54,69.80,70.70,12.00,0.00,21.52,4.11
4/6/20-2:24,69.80,70.70,11.00,0.00,20.78,4.11
4/6/20-2:54,69.80,70.70,12.00,0.00,21.52,4.11
4/6/20-3:24,69.80,70.70,12.00,0.00,21.52,4.09
4/6/20-3:54,69.80,70.70,12.00,0.00,21.52,4.11
4/6/20-4:24,69.80,70.70,11.00,0.00,21.16,4.11
4/6/20-4:54,69.80,70.70,12.00,0.00,21.52,4.11
4/6/20-5:24,69.80,70.70,12.00,0.00,21.52,4.11
4/6/20-5:54,69.80,70.70,12.00,0.00,21.52,4.11
4/6/20-6:24,70.70,70.70,12.00,0.00,21.52,4.10
4/6/20-6:54,70.70,70.70,12.00,0.00,21.52,4.11
4/6/20-7:24,69.80,70.70,12.00,0.00,21.52,4.11
4/6/20-7:54,70.70,70.70,12.00,0.00,21.52,4.09
4/6/20-8:24,71.60,71.60,12.00,0.00,21.67,4.11
4/6/20-8:54,72.50,71.60,12.00,0.00,21.66,4.11
4/6/20-9:24,74.30,71.60,12.00,0.00,22.39,4.12
4/6/20-9:54,76.10,71.60,12.00,0.00,22.39,4.12
4/6/20-10:24,78.80,71.60,12.00,0.00,22.76,4.12
4/6/20-10:54,80.60,72.50,13.00,0.00,23.24,4.11
4/6/20-11:24,87.80,72.50,14.00,0.00,25.04,4.12
4/6/20-11:54,85.10,72.50,13.00,0.00,24.33,4.15
4/6/20-12:24,90.50,73.40,14.00,0.00,25.49,4.16
4/6/20-12:54,95.90,74.30,14.00,0.00,25.60,4.16
4/6/20-13:24,94.10,74.30,14.00,0.00,25.24,4.17
4/6/20-13:54,89.60,74.30,13.00,0.00,24.54,4.18
4/6/20-14:24,89.60,74.30,13.00,0.00,24.54,4.19
4/6/20-14:54,85.10,74.30,12.00,0.00,23.13,4.18
4/6/20-15:24,81.50,74.30,12.00,0.00,22.77,4.18
4/6/20-15:54,81.50,73.40,12.00,0.00,22.64,4.19
4/6/20-16:24,79.70,73.40,12.00,0.00,21.93,4.18
4/6/20-16:54,77.00,73.40,12.00,0.00,21.58,4.18
4/6/20-17:24,76.10,73.40,12.00,0.00,21.58,4.19
4/6/20-17:54,77.00,72.50,12.00,0.00,21.46,4.18
4/6/20-18:24,76.10,72.50,12.00,0.00,21.46,4.19
4/6/20-18:54,75.20,72.50,12.00,0.00,21.81,4.19
4/6/20-19:24,74.30,72.50,11.00,0.00,20.74,4.18
4/6/20-19:54,73.40,71.60,11.00,0.00,20.96,4.18
4/6/20-20:24,73.40,72.50,11.00,0.00,20.74,4.18
4/6/20-20:54,72.50,72.50,11.00,0.00,20.74,4.17
4/6/20-21:24,72.50,71.60,11.00,0.00,20.59,4.17
4/6/20-21:54,72.50,71.60,11.00,0.00,20.59,4.17
4/6/20-22:24,71.60,71.60,11.00,0.00,20.21,4.17
4/6/20-22:54,71.60,71.60,11.00,0.00,20.59,4.17
4/6/20-23:24,71.60,71.60,11.00,0.00,20.59,4.16
4/6/20-23:54,71.60,71.60,11.00,0.00,20.59,4.17
4/7/20-0:24,71.60,71.60,11.00,0.00,20.59,4.17
4/7/20-0:54,71.60,71.60,11.00,0.00,20.22,4.16
4/7/20-1:24,71.60,71.60,11.00,0.00,20.22,4.16
4/7/20-1:54,71.60,71.60,11.00,0.00,20.59,4.17
4/7/20-2:24,71.60,71.60,11.00,0.00,20.59,4.15
4/7/20-2:54,71.60,71.60,11.00,0.00,20.60,4.16
4/7/20-3:24,71.60,71.60,11.00,0.00,20.59,4.15
4/7/20-3:54,71.60,71.60,11.00,0.00,20.22,4.16
4/7/20-4:24,71.60,71.60,11.00,0.00,20.22,4.16
4/7/20-4:54,71.60,71.60,11.00,0.00,20.60,4.16
4/7/20-5:24,71.60,71.60,11.00,0.00,20.60,4.16
4/7/20-5:54,71.60,71.60,11.00,0.00,20.22,4.14
4/7/20-6:24,71.60,71.60,11.00,0.00,20.22,4.15
4/7/20-6:54,71.60,71.60,11.00,0.00,20.22,4.16
4/7/20-7:24,71.60,71.60,11.00,0.00,20.22,4.15
4/7/20-7:54,71.60,71.60,11.00,0.00,20.22,4.16
4/7/20-8:24,72.50,71.60,11.00,0.00,20.60,4.12
4/7/20-8:54,73.40,71.60,11.00,0.00,20.60,4.16
4/7/20-9:24,74.30,71.60,11.00,0.00,20.97,4.16
4/7/20-9:54,76.10,71.60,12.00,0.00,21.32,4.16
4/7/20-10:24,81.50,72.50,12.00,0.00,22.56,4.16
4/7/20-10:54,86.00,72.50,13.00,0.00,24.36,4.18
4/7/20-11:24,93.20,73.40,14.00,0.00,25.17,4.19
4/7/20-11:54,93.20,74.30,13.00,0.00,24.92,4.18
4/7/20-12:24,93.20,75.20,13.00,0.00,24.32,4.19
4/7/20-12:54,95.00,75.20,14.00,0.00,25.01,4.18
4/7/20-13:24,95.90,75.20,13.00,0.00,24.67,4.18
4/7/20-13:54,101.30,76.10,13.00,0.00,24.77,4.19
4/7/20-14:24,100.40,77.00,13.00,0.00,24.21,4.19
4/7/20-14:54,98.60,77.00,13.00,0.00,23.86,4.19
4/7/20-15:24,96.80,77.00,12.00,0.00,22.84,4.18
4/7/20-15:54,87.80,77.00,11.00,0.00,21.12,4.18
4/7/20-16:24,84.20,76.10,11.00,0.00,20.29,4.18
4/7/20-16:54,81.50,76.10,11.00,0.00,19.61,4.18
4/7/20-17:24,80.60,75.20,10.00,0.00,19.12,4.16
4/7/20-17:54,79.70,75.20,10.00,0.00,18.76,4.18
4/7/20-18:24,78.80,75.20,10.00,0.00,18.06,4.18
4/7/20-18:54,77.90,75.20,10.00,0.00,18.06,4.16
4/7/20-19:24,77.00,74.30,10.00,0.00,17.88,4.18
4/7/20-19:54,76.10,74.30,9.00,0.00,17.54,4.17
4/7/20-20:24,75.20,74.30,9.00,0.00,17.55,4.18
4/7/20-20:54,75.20,74.30,9.00,0.00,17.18,4.18
4/7/20-21:24,74.30,73.40,9.00,0.00,17.36,4.16
4/7/20-21:54,74.30,73.40,9.00,0.00,17.36,4.17
4/7/20-22:24,74.30,73.40,9.00,0.00,16.99,4.17
4/7/20-22:54,73.40,72.50,9.00,0.00,17.55,4.16
4/7/20-23:24,73.40,72.50,9.00,0.00,17.17,4.16
4/7/20-23:54,73.40,72.50,9.00,0.00,17.17,4.16
4/8/20-0:24,72.50,72.50,9.00,0.00,16.82,4.16
4/8/20-0:54,72.50,72.50,9.00,0.00,17.18,4.16
4/8/20-1:24,72.50,72.50,9.00,0.00,17.18,4.16
4/8/20-1:54,72.50,71.60,9.00,0.00,17.00,4.16
4/8/20-2:24,72.50,71.60,9.00,0.00,17.00,4.16
4/8/20-2:54,72.50,71.60,9.00,0.00,17.00,4.16
4/8/20-3:24,72.50,71.60,9.00,0.00,17.00,4.16
4/8/20-3:54,72.50,71.60,9.00,0.00,17.01,4.16
4/8/20-4:24,72.50,71.60,9.00,0.00,17.01,4.16
4/8/20-4:54,71.60,71.60,9.00,0.00,16.63,4.15
4/8/20-5:24,71.60,71.60,9.00,0.00,17.01,4.16
4/8/20-5:54,71.60,71.60,9.00,0.00,16.63,4.13
4/8/20-6:24,71.60,71.60,9.00,0.00,16.63,4.15
4/8/20-6:54,71.60,71.60,9.00,0.00,16.63,4.13
4/8/20-7:24,71.60,71.60,9.00,0.00,16.63,4.15
4/8/20-7:54,72.50,71.60,9.00,0.00,17.01,4.14
4/8/20-8:24,72.50,71.60,9.00,0.00,17.01,4.14
4/8/20-8:54,77.90,71.60,9.00,0.00,17.36,4.15
4/8/20-9:24,77.90,71.60,10.00,0.00,17.74,4.16
4/8/20-9:54,86.00,72.50,10.00,0.00,18.98,4.18
4/8/20-10:24,86.00,72.50,10.00,0.00,19.36,4.15
4/8/20-10:54,95.00,73.40,12.00,0.00,21.66,4.19
4/8/20-11:24,98.60,74.30,12.00,0.00,22.52,4.19
4/8/20-11:54,99.50,75.20,12.00,0.00,22.30,4.19
4/8/20-12:24,104.00,76.10,10.00,0.00,19.32,4.19
4/8/20-12:54,104.00,77.00,3.00,0.00,6.01,4.19
4/8/20-13:24,102.20,77.90,2.00,0.00,-1.00,4.19
4/8/20-13:54,107.60,78.80,-1.00,0.00,-1.00,4.19
4/8/20-14:24,99.50,78.80,-1.00,-1.00,-1.00,4.18
4/8/20-14:54,106.70,79.70,-1.00,-1.00,-1.00,4.19
4/8/20-15:24,104.00,77.90,-1.00,-1.00,-1.00,4.19
4/8/20-15:54,91.40,77.90,-1.00,-1.00,-1.00,4.19
4/8/20-16:24,87.80,77.00,-1.00,-1.00,-1.00,4.19
4/8/20-16:54,86.00,77.00,-1.00,-1.00,-1.00,4.18
4/8/20-17:24,83.30,76.10,-1.00,-1.00,-1.00,4.18
4/8/20-17:54,82.40,76.10,-1.00,-1.00,-1.00,4.18
4/8/20-18:24,81.50,75.20,-1.00,-1.00,-1.00,4.18
4/8/20-18:54,79.70,75.20,-1.00,-1.00,-1.00,4.19
4/8/20-19:24,78.80,75.20,-1.00,-1.00,-1.00,4.16
4/8/20-19:54,77.90,74.30,-1.00,-1.00,-1.00,4.16
4/8/20-20:24,77.00,74.30,-1.00,-1.00,-1.00,4.18
4/8/20-20:54,76.10,74.30,-1.00,-1.00,-1.00,4.18
4/8/20-21:24,75.20,74.30,-1.00,-1.00,-1.00,4.18
4/8/20-21:54,75.20,73.40,-1.00,-1.00,-1.00,4.17
4/8/20-22:24,74.30,73.40,-1.00,-1.00,-1.00,4.17
4/8/20-22:54,74.30,73.40,-1.00,-1.00,-1.00,4.17
4/8/20-23:24,73.40,73.40,-1.00,-1.00,-1.00,4.18
4/8/20-23:54,73.40,72.50,-1.00,-1.00,-1.00,4.15
4/9/20-0:24,73.40,72.50,-1.00,-1.00,-1.00,4.16
4/9/20-0:54,73.40,72.50,-1.00,-1.00,-1.00,4.16
4/9/20-1:24,73.40,72.50,-1.00,-1.00,-1.00,4.16
4/9/20-1:54,72.50,72.50,-1.00,-1.00,-1.00,4.16
4/9/20-2:24,72.50,72.50,-1.00,-1.00,-1.00,4.16
4/9/20-2:54,71.60,71.60,-1.00,-1.00,-1.00,4.16
4/9/20-3:24,71.60,71.60,-1.00,-1.00,-1.00,4.16
4/9/20-3:54,71.60,71.60,-1.00,-1.00,-1.00,4.15
4/9/20-4:24,71.60,71.60,-1.00,-1.00,-1.00,4.16
4/9/20-4:54,71.60,71.60,-1.00,-1.00,-1.00,4.14
4/9/20-5:24,71.60,71.60,-1.00,-1.00,-1.00,4.16
4/9/20-5:54,71.60,71.60,-1.00,-1.00,-1.00,4.16
4/9/20-6:24,71.60,71.60,-1.00,-1.00,-1.00,4.16
4/9/20-6:54,71.60,71.60,-1.00,-1.00,-1.00,4.16
4/9/20-7:24,71.60,71.60,-1.00,-1.00,-1.00,4.16
4/9/20-7:54,71.60,71.60,-1.00,-1.00,-1.00,4.13
4/9/20-8:24,72.50,71.60,-1.00,-1.00,-1.00,4.16
4/9/20-8:54,75.20,71.60,-1.00,-1.00,-1.00,4.14
4/9/20-9:24,75.20,72.50,-1.00,-1.00,-1.00,4.16
4/9/20-9:54,78.80,72.50,-1.00,-1.00,-1.00,4.16
4/9/20-10:24,78.80,72.50,-1.00,-1.00,-1.00,4.17
4/9/20-10:54,77.90,72.50,-1.00,-1.00,-1.00,4.15
4/9/20-11:24,81.50,73.40,-1.00,-1.00,-1.00,4.17
4/9/20-11:54,83.30,73.40,-1.00,-1.00,-1.00,4.18
4/9/20-12:24,84.20,74.30,-1.00,-1.00,-1.00,4.18
4/9/20-12:54,89.60,74.30,-1.00,0.00,-1.00,4.18
4/9/20-13:24,99.50,76.10,4.00,0.00,7.11,4.18
4/9/20-13:54,99.50,77.00,4.00,0.00,7.76,4.18
4/9/20-14:24,95.00,77.00,3.00,0.00,6.34,4.18
4/9/20-14:54,95.00,77.00,3.00,0.00,6.34,4.18
4/9/20-15:24,91.40,77.00,3.00,0.00,5.28,4.18
4/9/20-15:54,83.30,76.10,2.00,0.00,-1.00,4.18
4/9/20-16:24,83.30,76.10,2.00,0.00,-1.00,4.19
4/9/20-16:54,81.50,76.10,3.00,0.00,-1.00,4.19
4/9/20-17:24,80.60,75.20,3.00,0.00,-1.00,4.18
4/9/20-17:54,77.90,74.30,3.00,0.00,-1.00,4.19
4/9/20-18:24,76.10,74.30,3.00,0.00,5.09,4.19
4/9/20-18:54,74.30,73.40,3.00,0.00,-1.00,4.18
4/9/20-19:24,73.40,73.40,2.00,0.00,-1.00,4.19
4/9/20-19:54,72.50,72.50,3.00,0.00,-1.00,4.19
4/9/20-20:24,71.60,72.50,3.00,0.00,5.19,4.19
4/9/20-20:54,71.60,71.60,3.00,0.00,5.25,4.18
4/9/20-21:24,71.60,71.60,3.00,0.00,-1.00,4.15
4/9/20-21:54,70.70,71.60,3.00,0.00,5.25,4.15
4/9/20-22:24,70.70,71.60,3.00,0.00,5.25,4.17
4/9/20-22:54,70.70,71.60,3.00,0.00,5.25,4.17
4/9/20-23:24,70.70,71.60,3.00,0.00,5.25,4.17
4/9/20-23:54,70.70,71.60,3.00,0.00,5.24,4.17
4/10/20-0:24,70.70,70.70,3.00,0.00,5.30,4.17
4/10/20-0:54,69.80,70.70,3.00,0.00,5.30,4.14
4/10/20-1:24,70.70,70.70,3.00,0.00,5.66,4.16
4/10/20-1:54,69.80,70.70,3.00,0.00,5.66,4.16
4/10/20-2:24,69.80,70.70,3.00,0.00,5.66,4.16
4/10/20-2:54,69.80,70.70,3.00,0.00,5.66,4.16
4/10/20-3:24,69.80,70.70,3.00,0.00,5.66,4.16
4/10/20-3:54,69.80,70.70,3.00,0.00,5.66,4.16
4/10/20-4:24,69.80,70.70,3.00,0.00,5.30,4.16
4/10/20-4:54,69.80,70.70,3.00,0.00,5.66,4.16
4/10/20-5:24,69.80,70.70,3.00,0.00,5.30,4.16
4/10/20-5:54,69.80,70.70,3.00,0.00,5.66,4.16
4/10/20-6:24,70.70,70.70,3.00,0.00,6.05,4.16
4/10/20-6:54,70.70,70.70,3.00,0.00,5.66,4.16
4/10/20-7:24,70.70,70.70,3.00,0.00,6.05,4.16
4/10/20-7:54,70.70,70.70,3.00,0.00,6.05,4.16
4/10/20-8:24,70.70,71.60,3.00,0.00,5.98,4.16
4/10/20-8:54,71.60,70.70,3.00,0.00,6.05,4.15
4/10/20-9:24,72.50,71.60,3.00,0.00,5.98,4.16
4/10/20-9:54,74.30,71.60,3.00,0.00,6.36,4.13
4/10/20-10:24,76.10,71.60,3.00,0.00,6.36,4.16
4/10/20-10:54,76.10,71.60,4.00,0.00,6.72,4.19
4/10/20-11:24,78.80,71.60,4.00,0.00,7.10,4.17
4/10/20-11:54,80.60,72.50,4.00,0.00,8.14,4.17
4/10/20-12:24,80.60,72.50,4.00,0.00,8.13,4.18
4/10/20-12:54,81.50,72.50,4.00,0.00,8.13,4.18
4/10/20-13:24,81.50,73.40,5.00,0.00,8.77,4.17
4/10/20-13:54,80.60,73.40,5.00,0.00,8.40,4.18
4/10/20-14:24,80.60,73.40,4.00,0.00,8.05,4.18
4/10/20-14:54,80.60,73.40,4.00,0.00,8.05,4.17
4/10/20-15:24,83.30,73.40,5.00,0.00,9.49,4.18
4/10/20-15:54,82.40,73.40,5.00,0.00,9.49,4.17
4/10/20-16:24,81.50,73.40,5.00,0.00,9.49,4.17
4/10/20-16:54,80.60,73.40,5.00,0.00,9.14,4.18
4/10/20-17:24,79.70,73.40,5.00,0.00,9.14,4.18
4/10/20-17:54,77.90,73.40,5.00,0.00,8.77,4.18
4/10/20-18:24,76.10,72.50,5.00,0.00,8.49,4.18
4/10/20-18:54,75.20,72.50,4.00,0.00,8.13,4.17
4/10/20-19:24,73.40,72.50,4.00,0.00,7.76,4.17
4/10/20-19:54,72.50,71.60,4.00,0.00,7.46,4.16
4/10/20-20:24,71.60,71.60,4.00,0.00,7.46,4.17
4/10/20-20:54,71.60,71.60,4.00,0.00,7.46,4.17
4/10/20-21:24,71.60,71.60,4.00,0.00,7.10,4.17
4/10/20-21:54,71.60,71.60,4.00,0.00,7.10,4.17
4/10/20-22:24,70.70,71.60,4.00,0.00,7.10,4.17
4/10/20-22:54,70.70,71.60,4.00,0.00,7.10,4.16
4/10/20-23:24,69.80,70.70,4.00,0.00,7.17,4.16
4/10/20-23:54,69.80,70.70,4.00,0.00,7.17,4.16
4/11/20-0:24,69.80,70.70,4.00,0.00,7.17,4.16
4/11/20-0:54,69.80,70.70,4.00,0.00,7.17,4.16
4/11/20-1:24,69.80,70.70,4.00,0.00,7.17,4.16
4/11/20-1:54,69.80,70.70,4.00,0.00,7.17,4.16
4/11/20-2:24,69.80,70.70,4.00,0.00,7.17,4.15
4/11/20-2:54,69.80,70.70,4.00,0.00,7.53,4.15
4/11/20-3:24,69.80,70.70,4.00,0.00,7.53,4.16
4/11/20-3:54,69.80,70.70,4.00,0.00,7.53,4.15
4/11/20-4:24,69.80,70.70,4.00,0.00,7.53,4.15
4/11/20-4:54,69.80,70.70,4.00,0.00,7.53,4.15
4/11/20-5:24,70.70,70.70,4.00,0.00,7.53,4.15
4/11/20-5:54,70.70,70.70,4.00,0.00,7.53,4.15
4/11/20-6:24,70.70,70.70,4.00,0.00,7.53,4.15
4/11/20-6:54,69.80,70.70,4.00,0.00,7.53,4.14
4/11/20-7:24,69.80,70.70,4.00,0.00,7.53,4.15
4/11/20-7:54,70.70,70.70,4.00,0.00,7.53,4.15
4/11/20-8:24,70.70,70.70,4.00,0.00,7.53,4.14
4/11/20-8:54,71.60,70.70,4.00,0.00,7.92,4.14
4/11/20-9:24,71.60,70.70,4.00,0.00,7.53,4.15
4/11/20-9:54,72.50,71.60,4.00,0.00,7.83,4.15
4/11/20-10:24,73.40,71.60,4.00,0.00,7.83,4.15
4/11/20-10:54,74.30,71.60,4.00,0.00,7.83,4.15
4/11/20-11:24,76.10,71.60,4.00,0.00,8.21,4.16
4/11/20-11:54,79.70,71.60,5.00,0.00,10.07,4.16
4/11/20-12:24,81.50,72.50,5.00,0.00,9.59,4.18
4/11/20-12:54,80.60,72.50,5.00,0.00,9.96,4.17
4/11/20-13:24,81.50,72.50,6.00,0.00,10.32,4.17
4/11/20-13:54,77.90,72.50,5.00,0.00,9.59,4.18
4/11/20-14:24,77.00,72.50,5.00,0.00,9.59,4.18
4/11/20-14:54,76.10,72.50,5.00,0.00,9.59,4.18
4/11/20-15:24,75.20,72.50,5.00,0.00,9.59,4.18
4/11/20-15:54,75.20,72.50,5.00,0.00,9.24,4.17
4/11/20-16:24,76.10,72.50,5.00,0.00,9.59,4.18
4/11/20-16:54,76.10,72.50,5.00,0.00,9.59,4.16
4/11/20-17:24,75.20,72.50,5.00,0.00,9.59,4.19
4/11/20-17:54,76.10,72.50,5.00,0.00,9.59,4.18
4/11/20-18:24,76.10,72.50,5.00,0.00,9.59,4.18
4/11/20-18:54,75.20,72.50,5.00,0.00,9.59,4.18
4/11/20-19:24,74.30,72.50,5.00,0.00,9.59,4.18
4/11/20-19:54,73.40,72.50,5.00,0.00,9.23,4.18
4/11/20-20:24,73.40,72.50,5.00,0.00,9.23,4.18
4/11/20-20:54,72.50,71.60,5.00,0.00,9.33,4.18
4/11/20-21:24,72.50,71.60,5.00,0.00,8.95,4.17
4/11/20-21:54,72.50,71.60,5.00,0.00,9.33,4.17
4/11/20-22:24,72.50,71.60,5.00,0.00,9.33,4.16
4/11/20-22:54,72.50,71.60,5.00,0.00,9.33,4.16
4/11/20-23:24,72.50,71.60,5.00,0.00,9.69,4.17
4/11/20-23:54,72.50,71.60,5.00,0.00,9.69,4.16
4/12/20-0:24,72.50,71.60,5.00,0.00,9.69,4.16
4/12/20-0:54,72.50,71.60,5.00,0.00,9.69,4.14
4/12/20-1:24,72.50,71.60,5.00,0.00,9.69,4.16
4/12/20-1:54,72.50,71.60,5.00,0.00,9.33,4.16
4/12/20-2:24,72.50,71.60,5.00,0.00,9.69,4.16
4/12/20-2:54,72.50,71.60,5.00,0.00,9.69,4.16
4/12/20-3:24,72.50,71.60,5.00,0.00,10.07,4.16
4/12/20-3:54,72.50,71.60,5.00,0.00,9.69,4.16
4/12/20-4:24,72.50,71.60,5.00,0.00,9.69,4.16
4/12/20-4:54,72.50,71.60,5.00,0.00,9.33,4.16
4/12/20-5:24,72.50,71.60,5.00,0.00,9.69,4.15
4/12/20-5:54,71.60,71.60,5.00,0.00,9.69,4.13
4/12/20-6:24,71.60,71.60,5.00,0.00,9.33,4.15
4/12/20-6:54,71.60,71.60,5.00,0.00,9.33,4.15
4/12/20-7:24,71.60,71.60,5.00,0.00,9.33,4.16
4/12/20-7:54,72.50,71.60,5.00,0.00,10.07,4.14
4/12/20-8:24,73.40,71.60,5.00,0.00,10.07,4.15
4/12/20-8:54,74.30,71.60,5.00,0.00,10.07,4.15
4/12/20-9:24,76.10,71.60,6.00,0.00,11.19,4.15
4/12/20-9:54,86.90,72.50,6.00,0.00,11.80,4.16
4/12/20-10:24,94.10,73.40,6.00,0.00,11.70,4.18
4/12/20-10:54,97.70,74.30,7.00,0.00,13.01,4.19
4/12/20-11:24,101.30,76.10,7.00,0.00,13.47,4.19
